0_x,0_y,1_x,1_y,2_x,2_y,3_x,3_y,4_x,4_y,5_x,5_y
120.009906,9.230736,120.519647,13.049468,120.264776,11.012811,120.264776,9.485318,120.009906,8.466990,120.009906,7.448661
121.029388,6.939497,119.755035,3.884512,120.009906,1.847855,119.755035,7.957826,120.519647,5.666587,118.990423,5.921169
120.519647,11.267393,120.519647,13.813214,121.029388,11.521975,120.519647,7.957826,121.284259,9.485318,120.009906,8.212408
121.029388,6.939497,120.519647,2.102437,120.519647,4.648258,120.519647,6.430333,121.029388,5.157422,119.245294,9.230736
121.284259,13.304050,121.284259,12.540303,120.774517,8.466990,121.284259,11.267393,121.029388,9.739900,121.029388,8.976154
121.539129,6.684915,121.794000,3.884512,121.539129,2.357019,121.539129,4.902840,121.539129,9.739900,120.519647,8.976154
122.303741,13.304050,121.284259,12.031139,121.794000,8.212408,121.284259,10.249065,121.284259,8.212408,120.774517,7.703243
122.048871,10.249065,122.558612,5.412004,121.284259,9.739900,122.558612,4.648258,123.323224,8.466990,121.284259,5.157422
122.558612,12.794886,122.303741,10.503647,122.048871,8.721572,121.794000,11.521975,122.303741,7.194079,120.519647,5.412004
123.578094,10.503647,122.303741,6.430333,122.558612,8.466990,122.813483,6.430333,122.558612,6.175751,122.303741,6.430333
123.323224,12.285721,123.832965,8.721572,122.558612,5.412004,122.813483,11.776557,123.578094,5.157422,121.539129,5.666587
123.068353,13.304050,123.068353,11.012811,123.068353,10.503647,123.832965,9.485318,123.068353,13.049468,122.558612,8.976154
124.342706,9.739900,124.087836,10.503647,123.578094,6.684915,122.813483,11.012811,123.832965,7.448661,122.813483,9.230736
124.342706,8.976154,123.832965,9.485318,123.323224,9.994482,124.597577,12.540303,123.578094,8.721572,123.068353,11.521975
123.578094,8.976154,124.087836,6.430333,124.597577,4.648258,123.578094,11.521975,123.832965,12.285721,122.813483,13.049468
125.107318,12.031139,125.617059,8.466990,124.597577,8.466990,124.087836,12.540303,124.342706,12.031139,123.323224,8.466990
125.871930,9.994482,125.107318,7.448661,124.342706,10.249065,123.832965,9.739900,124.597577,13.813214,124.342706,8.466990
125.617059,18.904856,125.107318,9.485318,125.107318,13.558632,124.597577,12.285721,125.871930,8.976154,123.323224,8.721572
125.617059,8.466990,125.617059,7.448661,125.107318,12.285721,125.107318,10.249065,125.107318,9.739900,124.852448,9.485318
126.381671,17.631946,125.617059,8.466990,125.107318,9.739900,125.362189,8.466990,125.617059,11.521975,124.597577,11.012811
126.891413,9.230736,126.636542,12.794886,126.126801,12.794886,125.871930,11.267393,126.126801,12.285721,124.597577,11.012811
127.146283,17.122781,127.146283,11.776557,126.126801,11.012811,126.126801,6.939497,125.617059,14.576960,125.362189,9.994482
127.401154,15.595289,126.891413,15.849871,125.871930,12.794886,126.636542,15.849871,126.891413,11.012811,125.617059,9.994482
127.910895,16.104453,127.401154,11.012811,126.891413,11.776557,126.381671,7.703243,126.636542,13.558632,126.126801,17.886528
127.910895,15.595289,127.401154,11.521975,126.636542,7.957826,127.146283,15.849871,126.891413,12.540303,125.871930,8.466990
127.401154,15.595289,128.675507,12.285721,126.636542,11.012811,126.636542,6.684915,127.656024,15.340707,126.891413,18.141110
128.675507,19.668602,128.165766,11.267393,126.891413,6.684915,127.910895,15.340707,127.401154,7.194079,125.362189,5.921169
128.930378,16.104453,128.930378,13.813214,127.146283,17.122781,127.401154,4.648258,128.165766,15.849871,126.891413,13.049468
128.675507,18.650274,128.930378,11.776557,127.656024,10.758229,128.420636,13.049468,128.675507,7.703243,127.146283,7.194079
129.185248,16.613617,128.675507,14.831542,128.420636,19.159438,127.910895,7.448661,128.420636,16.613617,127.146283,16.613617
130.459601,17.122781,130.459601,10.249065,127.910895,6.430333,128.675507,12.285721,128.675507,7.703243,127.656024,6.684915
129.694990,18.650274,130.204731,17.886528,128.930378,16.359035,128.675507,9.739900,128.675507,16.613617,128.165766,13.304050
129.694990,21.705259,130.204731,9.994482,129.440119,7.957826,129.694990,12.285721,129.949860,8.976154,128.675507,8.212408
131.224213,20.432349,130.459601,19.923185,129.440119,12.540303,129.185248,15.849871,128.675507,17.631946,128.675507,17.631946
130.969343,20.177767,130.459601,9.739900,128.675507,8.721572,129.949860,12.285721,129.949860,14.067796,128.930378,16.868199
130.969343,23.741916,131.224213,14.831542,130.459601,14.322378,129.949860,20.941513,130.459601,16.613617,128.675507,12.285721
132.498566,21.705259,130.969343,9.485318,130.204731,8.212408,129.694990,10.758229,129.694990,16.613617,129.440119,14.831542
131.224213,24.251080,131.733955,19.414020,130.459601,16.613617,130.714472,22.214424,130.714472,15.086125,129.949860,14.322378
131.988825,22.723588,131.733955,9.739900,130.969343,22.214424,130.969343,12.540303,130.969343,17.122781,129.440119,19.923185
132.753437,21.196095,132.243696,16.359035,130.969343,14.576960,131.224213,17.631946,131.224213,16.868199,131.733955,14.322378
133.008308,21.959841,132.753437,14.067796,131.479084,22.214424,131.224213,18.395692,132.243696,23.232752,130.204731,20.432349
132.753437,23.741916,131.988825,20.941513,132.243696,15.086125,131.988825,20.177767,131.479084,16.868199,130.969343,17.377364
133.772920,24.760245,133.772920,16.868199,131.733955,22.723588,131.479084,15.595289,132.753437,23.232752,131.224213,20.432349
134.027790,21.959841,133.518049,16.359035,132.498566,15.849871,133.008308,20.686931,132.753437,15.595289,131.479084,19.923185
133.772920,29.342723,133.772920,18.650274,132.243696,22.214424,132.243696,20.941513,133.518049,25.778573,131.224213,22.214424
134.792402,21.196095,135.047273,19.668602,133.263178,14.576960,133.008308,19.414020,132.753437,22.978170,131.988825,21.450677
134.537531,30.361051,134.537531,24.251080,132.498566,23.996498,132.753437,21.196095,133.518049,22.214424,132.498566,22.978170
134.792402,21.450677,135.302143,18.904856,134.537531,18.141110,133.518049,18.904856,133.518049,20.432349,131.988825,21.450677
135.557014,27.306066,135.302143,24.760245,133.518049,21.450677,133.772920,17.886528,133.008308,23.232752,133.772920,21.705259
136.066755,20.432349,135.811885,19.414020,134.027790,23.741916,134.027790,21.196095,135.047273,23.232752,132.753437,19.414020
135.811885,27.306066,136.576497,25.778573,133.772920,22.723588,133.772920,22.723588,134.282661,23.741916,133.772920,22.214424
136.321626,23.996498,136.066755,27.306066,135.047273,23.232752,134.282661,22.214424,134.792402,27.560648,134.027790,25.269409
136.576497,29.342723,136.831367,26.542319,133.772920,23.232752,134.792402,18.650274,135.302143,24.760245,134.027790,22.978170
136.831367,28.069812,136.831367,23.996498,134.792402,25.523991,135.302143,24.760245,134.537531,24.760245,134.282661,23.996498
137.341108,30.106469,137.086238,26.033155,135.047273,23.741916,135.047273,22.469006,135.811885,28.324394,134.537531,29.088140
137.341108,32.143126,137.595979,29.851887,135.811885,23.232752,135.811885,28.578976,135.557014,26.542319,135.302143,20.941513
137.850850,31.379379,137.595979,30.106469,136.066755,24.505663,135.811885,21.196095,136.066755,33.416036,134.537531,30.106469
138.105720,36.980186,138.870332,29.088140,136.576497,21.705259,135.811885,26.287737,136.576497,23.487334,136.576497,21.959841
138.615462,29.342723,138.360591,27.560648,135.811885,29.851887,136.831367,23.741916,136.576497,31.124797,135.302143,30.361051
138.615462,36.980186,138.615462,28.324394,137.086238,24.760245,137.086238,28.069812,137.341108,25.778573,136.066755,23.487334
139.125203,29.342723,139.634944,32.143126,136.321626,32.397708,137.595979,31.379379,136.831367,35.198111,136.576497,30.361051
139.380073,37.998514,138.870332,30.870215,137.341108,24.760245,137.086238,27.306066,138.360591,30.615633,136.576497,24.505663
139.889815,32.652290,140.144685,36.980186,137.086238,33.670618,137.850850,28.833558,137.595979,32.397708,136.321626,28.833558
139.889815,37.998514,139.889815,29.597305,138.105720,27.815230,137.086238,25.778573,138.360591,30.361051,136.576497,27.815230
140.654427,35.198111,140.399556,39.526007,137.595979,34.179783,138.870332,33.670618,138.615462,33.925200,137.850850,28.578976
140.654427,35.961857,140.909297,31.633962,139.125203,26.796901,137.850850,27.306066,137.850850,32.397708,136.831367,33.670618
140.909297,37.234768,140.654427,41.053499,138.360591,33.416036,138.360591,32.397708,139.125203,29.851887,138.615462,31.379379
141.673909,37.743932,141.164168,32.397708,139.125203,30.615633,139.125203,26.796901,138.615462,36.980186,137.850850,38.507678
141.419038,40.289753,141.164168,36.216439,139.125203,33.416036,138.870332,36.216439,139.125203,34.688947,138.105720,32.906872
141.928780,38.507678,141.673909,34.179783,139.889815,34.943529,139.380073,29.597305,139.634944,42.326410,139.125203,37.743932
142.438521,39.526007,142.438521,36.725604,139.380073,32.143126,140.144685,41.817246,140.144685,35.961857,139.125203,31.888544
143.203133,40.289753,142.438521,40.289753,140.654427,41.817246,140.399556,30.870215,140.144685,45.635977,139.889815,38.253096
143.203133,40.035171,143.967745,40.544335,139.889815,35.452693,140.399556,39.780589,139.889815,36.725604,139.125203,32.906872
143.458004,41.562664,142.438521,46.908888,141.164168,44.363067,140.909297,34.434365,140.909297,44.108485,140.654427,42.580992
144.222615,38.507678,143.967745,43.599321,140.654427,35.452693,141.164168,39.526007,140.909297,37.489350,139.380073,36.980186
144.477486,46.145142,143.712874,49.709291,141.419038,40.544335,141.928780,37.234768,141.419038,42.071828,140.909297,42.580992
143.967745,41.817246,144.222615,44.108485,140.654427,34.688947,140.909297,38.507678,141.673909,39.271425,140.399556,40.798917
144.732357,50.218455,144.732357,50.218455,142.183650,44.617649,141.928780,41.817246,142.438521,45.635977,140.909297,43.853903
145.496969,42.580992,144.222615,44.108485,141.164168,41.053499,141.419038,41.308082,142.438521,45.126813,141.164168,43.853903
144.987227,49.454709,145.496969,51.236784,142.183650,44.108485,142.948262,44.108485,142.438521,45.381395,141.419038,43.090156
146.261580,43.090156,145.242098,45.890560,142.183650,44.108485,141.928780,43.344738,143.203133,47.672634,141.928780,41.562664
145.751839,50.727620,145.751839,53.782605,142.948262,44.108485,143.203133,43.853903,143.203133,47.163470,141.928780,42.326410
145.751839,46.908888,146.006710,49.454709,142.693392,46.654306,142.948262,41.817246,143.712874,47.672634,142.183650,42.580992
147.026192,48.436381,147.026192,54.291769,143.712874,46.145142,143.967745,47.163470,143.712874,46.145142,142.693392,45.381395
146.516451,48.690963,147.026192,53.018859,142.948262,47.672634,143.203133,47.927216,143.458004,47.672634,143.203133,46.908888
146.771322,51.236784,146.516451,55.564680,144.477486,45.635977,144.732357,47.927216,144.987227,48.181798,143.712874,47.418052
148.045675,53.273441,147.281063,57.092172,144.477486,47.672634,143.712874,51.236784,144.477486,49.709291,143.203133,47.927216
146.771322,50.473037,147.281063,56.328426,144.732357,49.454709,144.732357,49.200127,144.477486,52.255112,144.732357,51.236784
148.300545,57.855919,147.535934,58.365083,144.222615,50.218455,144.732357,51.745948,145.242098,50.218455,143.458004,50.473037
148.555416,51.491366,148.555416,57.855919,145.496969,51.236784,144.987227,52.509694,144.477486,56.073844,144.732357,50.727620
147.790804,59.128829,147.535934,59.892575,144.732357,52.764276,145.242098,54.037187,146.006710,54.546351,144.477486,50.218455
149.320028,53.273441,149.065157,59.892575,146.261580,54.546351,146.006710,53.782605,145.496969,58.110501,144.732357,53.782605
149.320028,59.637993,148.810287,60.401740,145.242098,54.291769,146.006710,51.745948,146.006710,55.310097,144.987227,52.255112
149.065157,53.273441,149.065157,62.947561,146.261580,56.837590,146.261580,54.291769,146.771322,56.583008,145.751839,56.328426
150.594381,61.420068,149.574899,61.420068,146.261580,55.055515,147.026192,54.546351,146.771322,58.110501,146.006710,54.800933
150.084640,57.092172,150.339511,66.766292,146.771322,54.800933,146.006710,58.874247,147.026192,58.365083,145.496969,55.819262
150.084640,64.475053,150.594381,65.493382,146.006710,56.073844,147.790804,55.819262,147.026192,59.383411,147.026192,58.365083
150.849252,63.711307,150.084640,69.566695,147.026192,58.365083,147.281063,61.165486,148.300545,58.619665,146.006710,57.601336
150.594381,62.692979,151.613864,66.511710,147.281063,59.637993,148.045675,57.092172,148.045675,62.438396,146.516451,61.674650
151.613864,65.238800,150.849252,69.566695,147.790804,59.383411,147.535934,62.438396,148.555416,61.929232,147.026192,57.092172
152.123605,65.238800,151.868734,70.585024,148.045675,62.947561,148.810287,59.892575,148.810287,66.257128,147.281063,62.183814
151.868734,68.039203,152.123605,70.839606,148.810287,59.383411,147.535934,62.183814,148.045675,61.674650,147.535934,58.365083
152.378476,66.002546,151.104122,70.839606,149.065157,66.766292,149.065157,60.147158,150.084640,65.238800,147.790804,66.511710
152.633346,66.257128,152.888217,72.112517,148.810287,59.383411,148.810287,62.438396,148.810287,60.656322,148.045675,60.401740
153.143087,66.511710,152.633346,75.676666,149.065157,64.220471,149.574899,59.892575,149.829769,66.257128,148.045675,65.747964
153.652829,68.548367,152.888217,74.403756,149.829769,61.420068,148.810287,66.511710,149.320028,62.692979,149.320028,61.420068
153.143087,71.857934,153.652829,75.676666,149.574899,67.020874,150.084640,68.293785,150.084640,68.293785,148.555416,66.511710
153.907699,74.403756,153.397958,76.694994,150.849252,63.456725,149.574899,66.257128,149.574899,65.238800,149.320028,64.220471
154.162570,74.403756,153.907699,82.295801,150.339511,68.802949,150.594381,71.094188,150.594381,69.566695,149.065157,66.511710
154.162570,74.658338,154.162570,77.967905,150.594381,66.511710,150.339511,68.039203,151.358993,69.566695,149.574899,68.802949
155.182052,77.713323,154.672311,83.823293,150.849252,69.566695,151.868734,74.149173,150.594381,70.585024,150.084640,67.784621
155.182052,77.967905,154.927182,78.731651,151.104122,70.075860,150.594381,69.057531,151.868734,71.094188,151.104122,71.094188
156.201535,80.259144,155.436923,84.841622,151.358993,71.603352,152.123605,72.876263,152.123605,70.330442,151.104122,69.057531
155.691794,78.222487,156.456406,81.786637,151.868734,74.403756,151.358993,69.057531,151.613864,72.876263,150.339511,72.876263
155.436923,78.731651,155.436923,85.350786,151.868734,72.367099,152.123605,73.640009,152.378476,71.348770,151.868734,70.330442
157.221018,79.495398,156.966147,85.605368,151.868734,72.112517,152.123605,72.367099,152.378476,77.458741,150.849252,72.367099
156.456406,81.277472,155.946664,85.859950,152.633346,72.112517,152.378476,76.694994,152.633346,73.385427,151.358993,70.585024
156.711276,84.841622,157.221018,86.369115,152.378476,76.694994,152.888217,76.440412,152.888217,78.477069,152.123605,74.912920
158.240500,83.314129,156.966147,87.387443,153.143087,74.149173,152.888217,77.967905,154.162570,76.440412,152.378476,75.931248
157.221018,86.369115,157.475888,88.660354,153.397958,78.731651,153.143087,78.222487,153.143087,79.749980,152.378476,77.204159
158.240500,85.605368,157.475888,88.660354,153.397958,76.694994,153.907699,80.513726,154.162570,80.004562,153.143087,78.477069
158.750241,87.132861,157.985629,91.715339,153.652829,79.495398,154.162570,78.986233,154.162570,80.259144,153.652829,77.967905
157.730759,86.114532,158.750241,91.206175,154.162570,80.768308,153.907699,80.004562,153.907699,80.004562,152.888217,79.495398
157.985629,88.405771,157.730759,93.242831,154.162570,81.786637,153.907699,79.749980,153.907699,78.731651,154.417441,79.749980
157.730759,82.041219,158.240500,90.442428,153.907699,78.477069,153.397958,80.513726,153.397958,79.749980,153.652829,81.022890
157.221018,86.623697,157.475888,90.951592,153.907699,77.458741,153.652829,79.240816,152.888217,78.222487,154.162570,80.004562
157.221018,80.004562,156.201535,89.678682,153.143087,78.477069,152.888217,78.477069,152.378476,76.440412,154.417441,79.495398
155.946664,81.022890,157.221018,88.660354,152.888217,76.185830,153.397958,75.676666,153.143087,74.912920,153.907699,80.259144
155.946664,82.804965,155.946664,87.642025,152.633346,75.931248,151.358993,77.967905,152.123605,73.894591,153.143087,78.986233
155.946664,78.477069,155.436923,84.841622,152.378476,72.621681,152.633346,73.130845,152.123605,75.422084,152.888217,80.768308
155.436923,79.495398,155.691794,82.295801,151.613864,72.112517,151.613864,75.676666,151.613864,70.839606,153.143087,76.440412
154.927182,76.185830,155.691794,82.550383,152.123605,73.385427,151.613864,70.585024,150.594381,71.603352,152.123605,81.022890
154.417441,77.458741,154.672311,82.295801,151.358993,70.330442,150.849252,72.621681,151.104122,68.039203,152.633346,74.149173
153.652829,72.367099,154.162570,80.513726,150.849252,72.367099,151.358993,69.821278,150.594381,69.566695,151.104122,78.477069
154.162570,74.149173,154.162570,78.986233,150.849252,68.039203,150.084640,70.075860,149.574899,66.511710,151.358993,70.330442
153.397958,68.293785,152.633346,79.495398,150.084640,68.548367,150.594381,68.548367,149.829769,69.821278,151.358993,73.130845
153.143087,71.857934,153.652829,75.676666,149.829769,64.220471,150.084640,64.475053,149.829769,64.984218,151.104122,68.548367
152.123605,68.293785,152.633346,77.967905,149.829769,67.530039,149.320028,69.057531,149.574899,65.238800,151.104122,69.057531
152.633346,68.293785,152.633346,72.876263,148.810287,64.220471,149.320028,63.202143,148.045675,63.711307,149.829769,70.075860
152.123605,68.039203,152.633346,73.385427,148.810287,65.238800,149.065157,67.530039,149.574899,62.692979,150.594381,67.784621
150.849252,68.293785,151.104122,68.293785,149.065157,60.656322,149.065157,63.456725,147.790804,64.729635,149.065157,69.312113
151.868734,67.275457,151.868734,73.130845,148.045675,60.910904,148.555416,64.729635,148.045675,63.202143,149.320028,66.002546
150.339511,63.711307,151.104122,64.475053,148.555416,64.729635,148.300545,58.874247,147.790804,64.220471,148.810287,69.057531
150.339511,63.456725,150.594381,69.566695,148.045675,59.128829,147.535934,62.947561,147.281063,57.346754,148.810287,64.220471
150.594381,60.401740,150.084640,64.475053,147.281063,64.475053,147.026192,55.055515,147.535934,60.147158,148.555416,65.747964
149.320028,60.147158,149.574899,66.257128,147.281063,55.310097,147.026192,61.165486,146.516451,55.055515,147.281063,61.165486
149.829769,60.656322,150.084640,65.493382,147.281063,58.365083,146.006710,54.291769,146.261580,57.855919,148.045675,62.947561
149.065157,55.310097,149.065157,63.711307,146.516451,52.509694,146.516451,57.855919,146.516451,53.273441,147.535934,57.855919
148.810287,60.147158,149.065157,62.947561,146.261580,58.874247,146.261580,54.800933,146.261580,57.855919,147.535934,60.401740
148.045675,53.273441,147.790804,59.128829,146.006710,51.236784,146.006710,55.819262,145.751839,52.509694,146.771322,58.365083
147.281063,58.110501,148.555416,63.965889,145.242098,56.328426,145.496969,54.037187,145.242098,55.310097,146.771322,59.383411
147.790804,52.255112,148.555416,57.092172,145.242098,49.963873,145.751839,52.255112,145.751839,53.782605,146.006710,57.601336
147.281063,56.837590,147.026192,61.420068,144.987227,54.800933,145.242098,51.236784,143.967745,51.491366,145.496969,57.601336
147.281063,48.945545,148.045675,54.800933,144.477486,51.491366,144.477486,46.908888,144.987227,51.745948,146.006710,56.328426
147.026192,52.255112,147.535934,57.855919,144.477486,50.982202,144.987227,47.163470,143.967745,49.963873,144.732357,54.291769
146.006710,44.108485,146.516451,54.291769,143.967745,48.945545,143.203133,46.654306,143.712874,48.690963,144.987227,54.291769
146.006710,49.200127,146.261580,55.055515,143.203133,49.200127,143.967745,46.145142,143.458004,45.635977,144.477486,50.982202
145.496969,45.635977,146.516451,54.037187,143.712874,47.163470,142.948262,45.381395,142.693392,45.126813,143.712874,49.709291
145.496969,45.381395,145.751839,51.491366,143.203133,44.872231,142.948262,45.381395,142.948262,44.363067,143.712874,49.454709
145.242098,48.436381,144.732357,51.236784,142.438521,44.363067,142.438521,46.908888,141.928780,42.835574,144.222615,48.690963
143.967745,43.853903,145.496969,49.200127,142.693392,43.853903,143.203133,46.654306,142.693392,46.399724,143.203133,50.727620
144.987227,48.690963,144.222615,50.473037,142.438521,42.071828,141.419038,45.890560,140.399556,43.344738,142.438521,45.635977
143.967745,40.544335,144.732357,45.890560,141.673909,44.617649,142.693392,39.016843,141.419038,45.890560,143.203133,49.200127
143.458004,49.454709,143.967745,44.872231,141.928780,40.544335,141.164168,40.035171,141.164168,39.271425,141.673909,45.381395
143.203133,37.998514,142.948262,43.599321,141.419038,43.853903,140.909297,38.762261,140.654427,45.126813,142.438521,48.181798
142.438521,45.126813,143.203133,41.817246,140.909297,37.234768,140.144685,40.035171,140.399556,38.507678,141.928780,42.071828
142.948262,36.725604,142.183650,45.126813,140.909297,42.326410,140.654427,39.016843,140.399556,42.071828,141.164168,45.126813
142.693392,44.108485,142.183650,38.762261,140.654427,37.743932,140.144685,35.707275,140.399556,36.471022,140.909297,42.071828
142.183650,38.762261,141.673909,43.853903,140.144685,41.053499,140.399556,39.016843,139.125203,36.471022,141.164168,41.562664
141.164168,40.289753,142.693392,35.961857,139.889815,34.434365,139.889815,33.670618,140.144685,34.434365,140.654427,40.544335
140.909297,39.271425,141.419038,41.562664,139.634944,36.725604,139.125203,40.289753,138.105720,35.198111,139.889815,38.762261
141.673909,38.762261,141.419038,35.707275,138.870332,35.198111,139.125203,28.069812,139.125203,37.998514,140.909297,40.035171
139.889815,38.253096,140.909297,36.980186,139.125203,32.652290,139.125203,31.633962,139.125203,31.633962,139.125203,36.216439
140.909297,35.198111,139.889815,31.888544,138.615462,37.743932,138.360591,26.033155,137.850850,37.489350,139.380073,42.835574
140.399556,34.943529,140.654427,35.961857,138.870332,29.088140,138.360591,35.961857,138.360591,31.379379,139.125203,33.416036
138.870332,31.379379,139.125203,30.615633,137.341108,34.434365,138.105720,24.251080,137.341108,35.707275,137.850850,40.035171
139.634944,33.670618,139.380073,32.652290,138.105720,22.723588,136.831367,31.633962,137.341108,28.324394,138.360591,30.361051
138.105720,32.143126,139.125203,28.578976,136.831367,30.106469,138.360591,23.741916,136.576497,31.633962,137.850850,36.725604
138.615462,31.633962,138.870332,27.560648,137.595979,23.741916,137.341108,26.542319,136.831367,25.778573,138.105720,30.870215
138.360591,32.397708,138.360591,32.652290,136.831367,31.379379,136.831367,24.760245,135.557014,29.088140,137.086238,34.943529
137.850850,29.088140,137.850850,25.014827,136.831367,21.196095,136.321626,28.578976,135.557014,25.014827,137.850850,31.124797
137.850850,34.434365,138.360591,33.925200,135.557014,28.578976,136.576497,28.069812,136.321626,31.124797,136.576497,31.633962
137.086238,29.597305,136.831367,23.741916,136.831367,21.450677,135.047273,22.978170,134.792402,27.815230,136.576497,29.342723
136.576497,33.161454,137.341108,32.906872,134.792402,28.069812,136.321626,27.306066,135.302143,27.051484,136.321626,30.870215
136.321626,27.051484,136.576497,19.159438,135.811885,26.287737,134.792402,21.705259,135.047273,26.796901,135.557014,30.361051
136.321626,29.851887,136.321626,29.597305,134.537531,23.487334,135.302143,27.815230,134.792402,25.269409,136.321626,26.287737
136.321626,26.796901,136.831367,21.450677,134.792402,20.686931,135.047273,18.141110,134.282661,25.778573,135.302143,27.306066
134.792402,28.833558,135.302143,26.287737,133.772920,21.705259,134.792402,24.760245,134.027790,20.177767,134.792402,25.778573
136.066755,27.306066,135.811885,23.487334,134.792402,25.523991,133.263178,17.886528,133.772920,22.469006,135.047273,27.051484
135.302143,24.760245,135.302143,20.686931,133.263178,18.141110,134.537531,22.723588,133.008308,19.668602,134.792402,24.760245
134.537531,30.106469,134.792402,23.232752,134.027790,22.214424,133.263178,24.760245,134.027790,23.487334,135.047273,22.723588
135.302143,23.232752,135.047273,21.450677,132.753437,16.613617,133.263178,22.469006,132.753437,24.251080,133.772920,22.978170
133.263178,29.597305,134.027790,21.705259,133.518049,23.232752,133.263178,20.177767,132.753437,21.450677,134.027790,23.741916
134.027790,20.432349,134.282661,17.886528,131.988825,20.177767,132.498566,20.941513,132.498566,20.941513,132.498566,26.796901
133.008308,26.796901,133.772920,19.923185,133.008308,21.705259,132.243696,20.686931,131.479084,21.450677,133.772920,21.450677
132.753437,18.904856,133.772920,17.631946,131.479084,17.886528,132.243696,19.414020,132.243696,22.978170,132.753437,22.978170
133.772920,26.542319,132.498566,17.631946,132.243696,20.177767,131.733955,17.122781,130.969343,19.668602,132.498566,21.959841
131.733955,17.886528,131.988825,17.122781,131.224213,21.196095,130.969343,16.104453,130.969343,19.159438,132.243696,21.450677
131.988825,22.214424,132.753437,14.831542,131.733955,19.159438,131.224213,12.540303,130.204731,16.359035,132.243696,19.923185
130.969343,18.650274,130.969343,17.377364,130.459601,19.159438,130.969343,22.214424,130.459601,16.868199,131.479084,16.104453
131.479084,22.214424,131.988825,15.595289,131.224213,15.595289,130.204731,17.631946,129.949860,16.359035,130.969343,21.705259
130.204731,19.668602,131.224213,17.631946,129.440119,15.595289,130.459601,22.469006,129.949860,16.613617,131.733955,16.359035
130.459601,20.177767,130.714472,13.813214,130.459601,16.104453,130.204731,8.721572,129.694990,20.432349,130.204731,22.214424
130.714472,21.196095,130.714472,15.849871,129.694990,15.595289,128.675507,20.941513,128.930378,12.540303,130.969343,16.868199
129.185248,18.904856,130.459601,14.322378,129.949860,18.141110,130.459601,10.758229,129.949860,19.923185,130.204731,23.741916
129.694990,20.432349,129.694990,15.340707,129.694990,10.503647,128.930378,14.831542,128.420636,12.031139,129.694990,11.521975
129.440119,16.359035,129.185248,14.322378,128.420636,16.359035,128.675507,7.957826,128.420636,18.904856,130.204731,19.668602
128.675507,19.159438,129.949860,11.267393,128.420636,9.230736,128.420636,14.322378,127.910895,7.194079,129.185248,6.684915
129.694990,15.340707,127.656024,15.595289,128.420636,16.613617,128.675507,6.939497,127.656024,15.340707,128.675507,18.141110
127.910895,18.141110,128.930378,6.175751,127.656024,8.212408,126.891413,12.540303,127.146283,5.412004,128.675507,8.466990
128.420636,18.141110,127.910895,17.631946,128.420636,12.540303,127.910895,14.831542,127.401154,13.049468,128.675507,14.831542
127.910895,17.886528,127.656024,9.994482,127.656024,5.157422,127.146283,11.521975,127.146283,9.994482,127.146283,11.776557
127.656024,20.941513,127.910895,15.340707,127.910895,13.813214,127.146283,15.595289,125.871930,12.031139,127.910895,14.067796
126.636542,16.359035,127.146283,3.120766,126.636542,6.684915,126.891413,7.448661,126.636542,8.721572,127.401154,13.558632
126.636542,17.122781,127.146283,11.521975,126.891413,11.012811,126.891413,16.613617,125.617059,13.049468,126.891413,13.049468
126.636542,15.340707,126.381671,6.175751,125.871930,10.758229,125.362189,7.957826,125.617059,17.631946,127.146283,16.613617
125.871930,16.613617,126.381671,15.340707,126.381671,7.703243,126.636542,18.395692,125.107318,9.230736,126.126801,10.249065
125.871930,14.322378,125.617059,6.175751,125.362189,15.086125,125.362189,5.921169,125.107318,15.849871,126.636542,17.631946
125.362189,12.285721,125.871930,11.012811,126.126801,6.175751,125.107318,15.340707,124.597577,7.194079,125.871930,9.485318
124.597577,14.322378,125.362189,9.994482,124.597577,12.285721,125.107318,8.721572,124.852448,16.868199,126.381671,15.086125
125.362189,11.267393,124.597577,9.485318,125.362189,5.921169,124.597577,18.650274,124.597577,5.921169,125.362189,6.939497
124.087836,17.631946,125.107318,11.521975,124.087836,14.322378,124.087836,8.466990,123.578094,13.813214,125.362189,13.813214
124.342706,11.012811,123.578094,7.957826,124.342706,5.157422,124.087836,9.485318,124.597577,7.957826,124.852448,8.721572
123.323224,17.122781,124.087836,12.031139,123.068353,13.304050,123.832965,9.485318,123.323224,12.794886,124.087836,14.831542
123.068353,8.466990,123.832965,5.157422,123.832965,7.703243,123.323224,11.776557,123.323224,10.503647,124.597577,12.031139
122.813483,12.540303,123.068353,12.285721,123.323224,12.540303,123.578094,9.994482,122.558612,11.012811,123.323224,12.285721
122.813483,7.194079,123.578094,5.157422,123.323224,9.485318,122.813483,7.448661,123.068353,11.521975,124.342706,11.521975
122.813483,13.049468,122.303741,11.776557,122.303741,8.976154,122.303741,7.448661,122.048871,7.957826,123.068353,10.249065
121.539129,6.684915,122.813483,7.194079,122.303741,8.466990,122.303741,6.939497,121.794000,11.012811,123.578094,10.249065
122.558612,11.267393,122.048871,9.485318,122.303741,8.976154,121.794000,7.448661,121.794000,6.684915,122.558612,8.466990
121.284259,5.412004,121.794000,9.485318,122.303741,8.721572,121.539129,12.540303,120.774517,8.212408,123.068353,7.448661
121.284259,8.976154,120.774517,9.485318,120.774517,6.939497,122.048871,4.393676,122.303741,9.739900,122.303741,8.212408
121.029388,9.739900,120.774517,11.012811,121.794000,8.976154,121.029388,10.249065,120.009906,5.157422,121.794000,6.430333
120.519647,8.212408,121.029388,7.703243,120.264776,5.412004,121.029388,5.157422,120.519647,9.485318,121.794000,13.049468
120.264776,12.031139,120.519647,8.976154,121.029388,7.703243,120.519647,10.503647,120.519647,5.412004,121.794000,6.430333
119.500164,5.666587,120.774517,7.194079,120.009906,8.466990,120.264776,4.902840,120.009906,10.503647,121.284259,13.558632
119.245294,13.813214,119.245294,6.684915,120.774517,2.357019,118.990423,9.994482,119.500164,3.884512,120.774517,3.120766
118.990423,4.393676,120.009906,6.939497,118.990423,6.939497,120.264776,5.921169,119.245294,7.448661,120.519647,13.813214
118.990423,9.485318,118.990423,4.393676,120.264776,4.648258,118.990423,9.485318,118.735552,1.847855,120.009906,5.157422
118.990423,3.375348,118.990423,7.448661,118.735552,9.994482,119.500164,6.430333,118.225811,11.012811,120.264776,9.230736
117.970941,11.012811,117.970941,3.629930,119.245294,3.375348,118.480682,7.448661,119.500164,5.412004,119.500164,3.884512
118.480682,5.412004,117.970941,11.012811,118.225811,7.957826,119.245294,7.448661,117.970941,8.466990,118.735552,7.448661
117.206329,8.721572,118.225811,3.375348,118.735552,4.902840,117.716070,2.866183,117.970941,3.884512,119.755035,1.338691
117.206329,7.448661,116.696587,10.249065,117.461199,7.448661,118.990423,10.249065,117.716070,3.120766,118.225811,4.902840
116.951458,7.448661,116.696587,0.829527,118.480682,5.412004,117.206329,3.629930,117.461199,3.120766,118.735552,8.466990
115.931976,7.703243,116.441717,6.684915,117.206329,5.157422,117.206329,6.684915,116.951458,4.902840,117.970941,2.102437
116.951458,6.684915,116.186846,3.120766,117.206329,5.921169,117.206329,0.829527,116.186846,5.666587,118.480682,12.540303
115.931976,5.412004,115.931976,6.430333,116.696587,2.357019,116.696587,10.249065,116.696587,2.611601,117.206329,2.102437
115.677105,5.666587,115.931976,0.574944,116.441717,7.194079,116.441717,0.320362,115.422234,11.267393,117.461199,15.340707
115.422234,4.393676,115.422234,3.120766,115.677105,2.866183,116.186846,9.230736,116.441717,3.120766,116.951458,1.084109
115.167364,4.139094,114.657622,7.448661,116.951458,9.739900,115.677105,4.139094,115.422234,9.485318,116.696587,7.957826
114.147881,4.648258,115.422234,3.884512,115.422234,0.829527,115.677105,6.175751,115.422234,5.666587,116.441717,2.866183
113.638140,7.194079,113.893010,6.430333,115.931976,10.249065,115.422234,1.847855,115.422234,8.466990,115.931976,7.957826
114.657622,3.375348,114.402752,2.866183,114.657622,2.357019,114.657622,3.629930,114.657622,0.829527,115.931976,5.412004
113.638140,7.448661,113.893010,6.430333,115.422234,7.703243,114.402752,5.157422,115.167364,6.684915,115.167364,8.212408
113.638140,3.120766,113.128399,2.611601,113.893010,1.847855,114.657622,4.393676,113.893010,2.357019,115.677105,6.684915
112.873528,7.703243,113.893010,9.230736,114.912493,4.902840,113.893010,5.157422,113.638140,5.157422,114.657622,4.902840
112.363787,3.375348,112.363787,1.084109,113.638140,5.157422,113.893010,3.375348,113.383269,4.902840,114.912493,7.194079
112.873528,5.666587,112.618657,6.939497,114.147881,5.412004,113.638140,5.412004,113.383269,5.412004,114.912493,5.666587
111.344304,2.357019,111.599175,1.338691,113.638140,5.412004,113.383269,3.120766,112.873528,4.902840,113.893010,5.921169
111.344304,4.902840,111.854045,6.684915,113.383269,3.629930,112.873528,7.448661,112.873528,4.139094,114.657622,1.338691
110.834563,3.120766,111.344304,3.629930,112.363787,5.412004,112.873528,3.375348,112.618657,4.902840,112.873528,1.847855
110.579692,5.157422,111.344304,5.666587,112.873528,3.120766,112.363787,3.375348,111.854045,2.102437,113.383269,3.375348
110.324822,5.666587,111.344304,3.120766,111.854045,5.412004,112.108916,2.866183,111.854045,2.357019,113.128399,5.157422
110.579692,3.375348,109.815080,3.120766,112.108916,2.102437,111.854045,4.393676,111.599175,3.884512,112.618657,6.430333
110.069951,2.866183,110.834563,4.902840,111.344304,4.139094,111.089434,3.884512,111.344304,3.629930,112.618657,3.120766
109.050469,0.574944,109.560210,3.375348,111.854045,2.866183,112.108916,3.884512,110.324822,6.175751,112.108916,8.466990
110.069951,6.175751,109.560210,4.393676,110.324822,6.175751,110.579692,4.648258,110.579692,2.866183,111.854045,4.648258
108.795598,0.574944,109.305339,1.338691,111.344304,5.157422,110.579692,2.866183,110.324822,6.175751,110.579692,6.430333
108.795598,5.157422,109.050469,1.847855,110.834563,3.884512,109.815080,4.648258,109.560210,4.648258,112.108916,2.866183
108.285857,-1.716295,108.540727,2.102437,110.324822,5.666587,110.834563,5.666587,110.069951,5.412004,110.834563,2.866183
108.030986,6.684915,107.776115,1.084109,109.815080,3.629930,109.050469,2.357019,109.050469,4.902840,110.834563,4.648258
108.285857,0.320362,108.540727,2.866183,110.324822,5.666587,109.815080,4.648258,109.050469,4.139094,110.324822,2.611601
107.011503,3.884512,107.011503,0.574944,108.795598,2.357019,109.050469,0.320362,108.540727,2.357019,110.069951,5.157422
107.266374,1.847855,108.030986,5.412004,109.815080,3.884512,109.305339,4.902840,108.285857,1.847855,109.305339,2.357019
106.246892,3.629930,107.011503,2.102437,108.285857,2.866183,108.285857,-0.188802,107.776115,5.412004,109.560210,7.448661
106.501762,4.139094,106.246892,4.393676,108.540727,2.357019,108.795598,7.194079,108.540727,2.357019,109.305339,2.357019
106.246892,2.611601,106.756633,0.320362,107.776115,4.648258,107.266374,-0.443384,107.776115,6.430333,108.285857,9.230736
105.737150,3.629930,104.972538,3.120766,107.776115,2.866183,108.030986,6.684915,107.521245,1.338691,109.560210,-0.443384
105.737150,1.084109,106.246892,1.593273,107.266374,7.703243,107.266374,-1.970877,107.011503,5.157422,108.030986,5.412004
104.207927,2.866183,105.482280,1.593273,108.030986,-0.443384,106.756633,5.666587,106.756633,-1.207130,108.285857,-1.207130
104.972538,1.084109,104.717668,2.102437,106.246892,5.921169,107.011503,-2.989205,106.501762,5.412004,107.266374,5.157422
104.207927,2.611601,104.717668,-2.225459,106.756633,0.065780,106.756633,1.847855,105.992021,-2.989205,107.266374,-1.207130
103.953056,1.593273,104.462797,4.648258,106.501762,2.866183,106.246892,-0.188802,106.246892,3.375348,106.756633,4.648258
103.698185,2.611601,104.207927,-1.716295,106.246892,-2.734623,106.246892,3.120766,105.737150,0.065780,107.266374,1.593273
103.443315,2.357019,103.698185,2.866183,105.227409,3.120766,105.737150,3.120766,105.482280,4.648258,106.501762,1.847855
102.933573,3.120766,103.698185,0.065780,106.246892,-0.697966,105.227409,1.847855,104.972538,-1.461712,105.482280,2.611601
102.933573,3.629930,102.423832,4.902840,104.462797,4.393676,105.227409,5.412004,105.227409,1.084109,106.756633,1.338691
103.443315,1.847855,103.188444,-1.207130,105.227409,1.847855,104.972538,0.574944,104.717668,3.120766,105.482280,1.847855
101.404350,2.866183,102.168962,2.611601,104.717668,2.357019,104.462797,4.902840,103.698185,1.593273,105.737150,0.829527
102.168962,2.357019,101.659220,-1.207130,104.462797,2.357019,104.207927,1.338691,104.717668,3.629930,104.717668,3.884512
101.659220,1.338691,101.659220,0.829527,103.953056,1.847855,104.207927,3.120766,102.933573,1.338691,104.717668,1.338691
101.404350,1.847855,101.404350,-1.207130,103.698185,4.393676,103.443315,0.829527,103.443315,3.375348,104.207927,3.884512
101.404350,0.829527,101.149479,0.829527,103.188444,1.338691,103.698185,3.375348,102.423832,-0.697966,103.953056,1.338691
99.620255,2.357019,100.384867,1.593273,102.678703,4.393676,103.443315,2.102437,102.933573,4.902840,103.953056,3.120766
100.639738,0.065780,100.894608,1.084109,103.698185,0.065780,102.168962,2.611601,102.168962,-1.716295,102.933573,-0.697966
99.365385,1.338691,99.365385,2.357019,102.423832,1.847855,102.423832,2.866183,102.168962,2.357019,103.443315,2.102437
99.365385,-1.461712,100.129996,-0.443384,102.168962,0.320362,102.423832,1.338691,102.168962,1.084109,102.168962,4.139094
99.110514,3.629930,99.365385,1.338691,102.423832,3.120766,101.659220,3.629930,101.149479,2.866183,103.188444,3.375348
98.855643,-0.952548,98.855643,-0.697966,101.914091,1.593273,101.659220,0.320362,102.168962,2.866183,102.678703,2.611601
98.091031,2.866183,98.855643,1.593273,101.149479,2.611601,101.659220,2.357019,100.639738,1.338691,102.168962,1.847855
97.836161,-1.207130,97.836161,-0.697966,101.404350,2.357019,100.894608,0.320362,101.149479,4.139094,101.659220,2.357019
98.345902,1.847855,98.091031,0.065780,100.894608,1.593273,100.894608,1.084109,100.129996,1.593273,101.659220,1.338691
96.816678,-2.989205,98.091031,-1.970877,100.384867,1.084109,100.639738,-0.443384,100.639738,0.065780,101.149479,1.847855
97.836161,1.593273,97.071549,0.320362,100.639738,1.338691,99.875126,-0.697966,99.620255,0.065780,100.894608,1.847855
97.071549,-2.734623,96.816678,1.338691,100.129996,1.338691,100.639738,0.829527,100.384867,1.084109,101.404350,-0.188802
97.581290,0.065780,96.816678,0.574944,99.365385,-0.188802,99.365385,-0.952548,99.365385,-0.697966,100.129996,0.829527
96.306937,1.593273,96.306937,0.574944,99.620255,1.084109,99.620255,2.866183,98.855643,-0.697966,100.384867,-0.188802
95.542325,0.320362,95.542325,1.084109,98.855643,0.574944,98.855643,-0.697966,98.855643,2.611601,99.875126,4.393676
95.797196,2.611601,96.816678,0.320362,99.110514,0.320362,99.365385,2.866183,98.855643,-0.188802,100.384867,-1.970877
94.777713,-0.697966,94.777713,-1.970877,98.855643,1.847855,97.836161,0.320362,98.345902,4.139094,99.110514,1.847855
95.542325,2.866183,95.287455,0.574944,98.091031,-0.952548,98.600773,1.593273,97.581290,-1.970877,99.110514,-1.716295
94.013101,-1.461712,95.032584,1.084109,98.091031,0.065780,97.581290,-0.697966,98.091031,1.084109,98.600773,2.357019
95.032584,2.611601,95.032584,-0.188802,97.836161,-0.952548,97.326420,0.320362,96.561808,-2.225459,98.091031,-0.697966
94.267972,-2.480041,94.777713,1.338691,97.071549,1.593273,97.071549,-0.697966,97.581290,3.375348,97.836161,1.338691
93.503360,1.847855,94.013101,-2.225459,97.326420,-0.697966,97.581290,0.320362,97.071549,-2.225459,97.326420,-0.188802
93.503360,-1.461712,93.758231,-0.443384,97.071549,0.829527,96.306937,1.847855,96.052066,-1.207130,97.836161,-1.716295
93.248489,1.593273,92.483878,-2.989205,96.306937,-1.207130,97.071549,-0.443384,96.052066,-0.697966,97.071549,3.120766
92.738748,0.065780,93.503360,-0.952548,95.797196,-0.697966,96.052066,4.139094,96.052066,0.065780,97.581290,0.065780
92.229007,0.320362,91.974136,-4.007533,96.052066,0.574944,96.052066,-1.716295,95.542325,0.065780,95.542325,2.357019
92.483878,0.320362,92.738748,0.320362,95.542325,-1.207130,95.287455,4.902840,95.032584,-1.461712,97.071549,-0.697966
91.209524,0.320362,91.974136,-2.989205,95.797196,0.574944,95.542325,-2.225459,95.797196,1.593273,96.561808,0.574944
91.974136,-0.188802,91.464395,-0.443384,94.777713,-1.207130,94.267972,1.084109,94.267972,-1.461712,96.052066,-1.970877
90.444913,-1.461712,91.209524,-2.989205,95.797196,0.320362,95.032584,-2.225459,95.032584,3.120766,95.542325,1.338691
90.699783,-0.443384,91.464395,-1.461712,94.267972,-0.952548,94.267972,1.338691,94.013101,-2.480041,95.032584,-1.970877
90.699783,-1.716295,90.954654,1.593273,94.522843,3.375348,94.267972,-1.207130,93.758231,3.120766,95.542325,1.847855
90.190042,-0.952548,89.425430,-0.697966,93.758231,-2.734623,93.758231,0.829527,93.758231,-3.243787,94.267972,-1.716295
89.680301,1.084109,90.699783,1.338691,93.758231,2.866183,94.267972,0.829527,93.248489,2.102437,95.032584,1.084109
89.170559,-1.716295,89.170559,-2.225459,93.758231,-3.752951,92.738748,-0.188802,92.229007,-2.734623,93.758231,0.065780
90.190042,0.829527,89.425430,-0.188802,93.758231,2.102437,93.503360,0.320362,92.483878,-0.697966,93.758231,1.084109
88.151077,-1.716295,89.170559,-3.752951,92.483878,-0.952548,92.483878,0.574944,92.993619,-0.188802,93.503360,-1.716295
89.170559,0.574944,88.405948,1.338691,93.503360,-0.188802,91.719266,0.574944,91.464395,2.102437,92.993619,-0.697966
87.896206,-1.716295,88.915689,-2.989205,91.464395,-2.225459,92.229007,-1.716295,92.483878,0.320362,93.503360,-1.970877
87.896206,1.338691,87.641336,0.320362,91.974136,0.574944,91.464395,-0.188802,90.954654,-1.461712,91.974136,-0.697966
87.896206,-3.243787,87.641336,-1.716295,91.719266,0.065780,91.464395,-1.461712,90.954654,0.065780,92.738748,0.065780
87.386465,0.065780,87.386465,-0.443384,91.209524,-0.697966,91.719266,0.065780,91.209524,-1.716295,91.974136,-1.970877
87.386465,1.084109,87.386465,-0.188802,90.190042,0.065780,91.464395,-0.443384,90.699783,-0.188802,92.483878,-1.207130
85.857241,-2.225459,86.621853,-1.207130,90.954654,-1.207130,90.699783,0.574944,89.935171,-2.734623,90.954654,-0.443384
86.112112,-0.952548,86.621853,-2.734623,89.680301,-0.952548,90.444913,-0.443384,89.935171,-0.952548,91.464395,-0.697966
85.092629,-1.716295,86.621853,-1.716295,90.444913,-0.952548,90.190042,-0.697966,90.190042,-0.443384,90.954654,0.065780
85.602371,2.357019,85.092629,-1.716295,89.935171,-0.697966,89.680301,-0.697966,88.660818,-1.207130,90.444913,-2.225459
85.092629,-2.734623,86.112112,-1.716295,90.190042,-2.734623,89.680301,-0.952548,88.915689,1.593273,90.444913,0.829527
84.837759,1.593273,84.837759,-1.461712,88.915689,-0.697966,89.425430,-0.443384,88.660818,-1.970877,90.190042,-1.207130
84.582888,-3.243787,84.582888,-1.716295,89.680301,0.829527,88.915689,-0.952548,88.660818,1.593273,90.190042,0.574944
83.818276,-0.697966,84.837759,-3.243787,87.896206,-0.697966,89.170559,-1.207130,88.405948,-1.461712,89.425430,-2.225459
84.328017,-4.262116,84.073147,-0.443384,88.915689,0.065780,87.641336,-0.443384,87.896206,-1.461712,89.935171,0.065780
83.053664,-2.225459,83.818276,-3.243787,87.641336,-1.461712,87.896206,-1.461712,87.386465,-0.952548,88.405948,-2.480041
83.563406,-2.734623,83.563406,-0.443384,87.896206,0.065780,87.896206,1.593273,87.641336,0.320362,88.915689,-0.697966
83.053664,-0.952548,83.563406,-2.989205,87.386465,-1.207130,87.386465,-3.752951,87.386465,-0.697966,87.896206,-2.734623
83.053664,-0.952548,82.289052,-0.952548,87.896206,-1.207130,86.876724,0.829527,85.857241,-1.207130,88.151077,-1.970877
82.034182,-0.697966,82.798794,-2.480041,86.112112,-3.243787,87.386465,-2.225459,87.131594,1.593273,88.151077,-0.443384
81.779311,-1.716295,81.524441,-0.697966,87.386465,-3.243787,86.366982,1.084109,86.112112,-1.970877,87.386465,-0.697966
83.308535,-1.716295,82.289052,-2.480041,86.112112,1.847855,86.112112,-4.262116,86.876724,-0.443384,87.131594,1.084109
82.289052,-1.716295,83.053664,-0.952548,86.621853,-3.243787,86.621853,-0.697966,86.621853,-3.498369,86.366982,-2.734623
83.563406,-2.225459,83.308535,-2.734623,86.621853,1.847855,87.641336,-4.007533,87.641336,1.847855,86.876724,1.338691
83.308535,-1.970877,83.053664,-1.970877,87.896206,-2.225459,87.131594,-0.188802,87.641336,-3.498369,85.602371,-3.752951
84.328017,-3.752951,83.308535,-0.188802,87.641336,1.084109,87.896206,-2.989205,88.151077,0.829527,86.876724,0.829527
84.328017,-2.225459,84.837759,-1.970877,87.896206,-2.989205,88.405948,0.320362,88.660818,-4.516698,87.131594,-4.262116
85.092629,-2.989205,84.582888,0.574944,88.660818,2.611601,88.151077,-3.498369,88.151077,0.320362,87.641336,0.574944
85.347500,-1.716295,85.602371,-2.225459,88.915689,-5.789608,88.660818,-0.697966,89.935171,-1.970877,88.151077,-3.243787
85.347500,-0.952548,85.347500,0.320362,88.660818,-1.207130,89.170559,1.338691,88.660818,-0.188802,88.405948,-1.970877
86.621853,0.320362,85.347500,-2.734623,89.425430,-4.771280,89.425430,-0.952548,90.190042,0.320362,88.915689,-0.952548
85.602371,0.065780,86.621853,-0.188802,89.170559,0.320362,90.190042,0.574944,90.190042,-0.952548,88.151077,-1.716295
87.386465,-1.461712,86.621853,-4.516698,90.190042,-0.443384,90.190042,-1.716295,90.190042,0.574944,89.425430,0.829527
86.621853,-0.443384,86.621853,-1.716295,90.699783,-0.443384,89.935171,-0.697966,90.444913,-1.461712,88.915689,-2.225459
87.386465,-0.697966,86.621853,-1.970877,90.699783,-0.188802,91.209524,-1.970877,90.699783,1.338691,89.680301,0.065780
88.151077,-1.207130,88.151077,-0.697966,90.954654,-1.207130,90.954654,0.574944,91.464395,-1.970877,90.190042,-2.989205
88.151077,-0.443384,87.131594,-0.952548,91.464395,1.593273,91.719266,-0.443384,91.209524,-0.697966,90.699783,1.338691
88.405948,-0.952548,88.405948,-0.952548,91.464395,-1.716295,91.974136,-0.443384,92.483878,-1.716295,90.954654,-2.734623
88.405948,0.065780,88.405948,-1.461712,92.229007,-0.443384,92.229007,0.829527,91.974136,0.829527,90.954654,-0.697966
89.935171,-2.734623,88.915689,-1.207130,92.738748,-2.734623,92.229007,2.102437,92.993619,0.829527,91.464395,-1.970877
88.915689,1.338691,89.680301,-0.188802,92.229007,0.320362,93.248489,1.084109,93.248489,0.320362,91.974136,0.065780
90.444913,-1.716295,88.660818,-1.716295,92.993619,0.829527,93.248489,-1.716295,93.248489,1.593273,92.483878,-1.461712
89.935171,1.847855,90.190042,-0.697966,93.503360,0.574944,92.993619,0.320362,93.248489,0.320362,91.974136,0.320362
90.444913,-2.480041,89.935171,-2.480041,94.267972,0.829527,93.503360,-0.443384,94.013101,1.338691,93.503360,1.084109
90.954654,-0.443384,91.209524,0.320362,94.013101,0.065780,94.013101,-0.697966,94.013101,-0.697966,92.229007,0.065780
90.954654,-2.225459,90.954654,-0.952548,95.032584,0.574944,94.013101,-0.697966,94.522843,-0.443384,93.758231,0.320362
92.229007,1.084109,91.464395,-0.188802,94.267972,-0.188802,94.013101,-0.443384,95.542325,-0.952548,93.503360,-0.443384
91.719266,-2.734623,91.464395,-0.188802,95.032584,1.084109,95.032584,1.338691,95.287455,-0.443384,93.248489,0.574944
92.483878,-0.188802,91.974136,0.320362,95.287455,-0.188802,95.032584,-1.207130,95.797196,0.065780,94.522843,-1.207130
91.974136,-0.697966,93.503360,0.320362,95.287455,0.065780,95.797196,2.866183,95.542325,-0.443384,94.777713,-1.461712
93.248489,-0.952548,91.974136,0.320362,95.797196,-0.697966,95.287455,-2.734623,96.052066,1.338691,94.522843,0.574944
92.993619,1.084109,93.758231,1.084109,96.306937,-0.188802,95.797196,0.829527,96.306937,-2.734623,95.032584,-2.480041
93.503360,0.065780,93.503360,-0.952548,96.052066,3.120766,96.816678,-1.970877,96.561808,2.866183,96.052066,3.375348
94.522843,1.338691,93.503360,-0.443384,97.071549,-0.443384,96.816678,0.320362,96.816678,-2.225459,95.797196,-3.498369
93.758231,-1.461712,93.758231,-0.952548,97.071549,1.084109,96.816678,-1.970877,96.816678,4.902840,96.561808,2.611601
95.032584,2.357019,94.777713,-0.188802,97.326420,-1.461712,97.326420,-0.443384,98.091031,-2.734623,96.816678,-4.262116
94.777713,-1.716295,95.032584,1.847855,97.326420,3.120766,97.581290,-0.188802,98.345902,3.120766,96.561808,1.338691
95.287455,1.593273,95.032584,-1.207130,98.600773,-1.970877,98.091031,-0.697966,98.091031,-3.752951,97.326420,-3.243787
95.542325,-0.952548,95.797196,-0.443384,97.836161,2.866183,98.091031,-0.188802,98.345902,0.065780,97.581290,0.829527
96.816678,0.320362,95.032584,-2.480041,98.600773,-2.989205,98.855643,0.320362,99.365385,-0.188802,98.091031,-0.952548
96.561808,-0.697966,96.561808,3.884512,98.345902,-0.443384,98.345902,4.139094,98.600773,2.611601,98.091031,-0.952548
97.071549,0.829527,96.561808,-1.207130,99.110514,1.084109,99.875126,-0.952548,100.129996,2.866183,98.855643,0.065780
97.836161,1.338691,97.071549,3.375348,99.110514,1.084109,98.600773,4.902840,99.365385,0.065780,98.091031,-1.207130
97.071549,1.084109,97.326420,-3.752951,100.129996,2.611601,100.639738,-1.207130,100.384867,4.393676,99.365385,1.338691
98.855643,1.084109,97.581290,2.611601,98.855643,-0.188802,99.875126,3.375348,100.639738,-2.225459,99.365385,-0.443384
97.836161,0.320362,98.600773,-0.697966,101.149479,4.902840,100.639738,-2.225459,100.384867,1.593273,99.620255,4.139094
99.110514,0.320362,98.091031,0.829527,100.129996,-0.188802,100.384867,2.611601,100.894608,-1.207130,99.875126,-1.461712
99.110514,0.320362,99.620255,0.320362,101.404350,4.648258,101.914091,-1.207130,101.659220,4.139094,100.384867,3.375348
99.110514,1.084109,98.855643,0.065780,100.894608,-1.461712,100.384867,2.611601,101.914091,-1.207130,99.875126,0.574944
99.875126,2.357019,99.875126,3.375348,102.423832,2.357019,102.168962,3.375348,101.404350,3.629930,100.384867,3.375348
100.384867,-1.207130,99.875126,-0.952548,101.149479,-1.461712,101.914091,1.847855,102.678703,2.866183,102.168962,1.338691
100.384867,2.102437,99.875126,2.866183,102.678703,3.884512,102.678703,1.593273,101.914091,2.357019,100.129996,0.574944
100.384867,-1.716295,100.894608,-1.716295,102.423832,1.084109,101.659220,0.574944,103.188444,0.065780,102.678703,1.847855
101.659220,3.120766,100.129996,3.375348,103.188444,2.866183,103.188444,1.593273,102.933573,1.084109,102.168962,2.102437
100.639738,-1.461712,101.404350,-0.188802,102.423832,2.611601,102.168962,0.065780,102.933573,3.375348,102.423832,2.102437
101.914091,3.375348,101.149479,2.357019,103.698185,2.102437,103.443315,2.102437,103.953056,1.847855,102.168962,0.829527
101.659220,0.065780,102.423832,1.847855,103.188444,3.120766,103.443315,0.574944,104.462797,2.866183,102.933573,2.357019
102.933573,2.611601,101.659220,2.102437,104.207927,2.102437,104.462797,1.338691,104.717668,1.084109,102.933573,1.084109
102.678703,-0.697966,102.678703,3.120766,104.462797,0.065780,103.953056,2.102437,104.207927,1.338691,103.953056,1.593273
103.188444,2.611601,102.423832,1.338691,104.462797,0.320362,105.482280,1.593273,105.482280,1.847855,104.207927,2.102437
103.188444,4.902840,103.188444,3.120766,104.462797,1.338691,104.462797,2.102437,104.462797,2.611601,103.698185,0.829527
103.698185,0.320362,103.698185,1.847855,105.227409,-0.443384,105.737150,1.847855,106.246892,1.338691,105.482280,4.139094
104.462797,3.375348,103.443315,2.102437,104.972538,2.102437,105.227409,3.884512,105.227409,-1.716295,103.953056,-0.952548
103.698185,-0.188802,104.462797,0.574944,105.992021,4.139094,106.246892,1.593273,106.501762,4.902840,104.972538,3.120766
105.227409,6.175751,104.717668,1.847855,106.246892,0.829527,105.227409,4.393676,105.992021,1.338691,105.737150,-0.443384
104.717668,-0.443384,104.207927,2.357019,106.246892,4.648258,106.756633,1.847855,106.501762,5.412004,105.482280,4.393676
105.737150,5.666587,104.717668,0.574944,106.756633,2.102437,105.992021,2.866183,107.011503,-0.443384,105.737150,0.320362
105.482280,-1.207130,105.482280,4.139094,107.266374,5.157422,107.266374,2.357019,107.266374,4.648258,106.246892,3.884512
106.246892,4.648258,106.246892,-0.188802,107.266374,2.102437,107.266374,0.829527,107.776115,0.829527,106.756633,-0.443384
105.992021,0.829527,105.737150,4.139094,107.521245,4.139094,107.776115,5.157422,107.266374,3.884512,105.992021,0.829527
106.246892,4.139094,106.756633,-0.188802,107.521245,2.357019,107.266374,2.102437,108.030986,2.866183,107.776115,4.393676
107.521245,3.629930,105.992021,5.666587,108.030986,0.829527,109.050469,4.902840,108.285857,0.320362,107.266374,0.829527
106.501762,3.884512,107.521245,-0.443384,109.305339,3.375348,107.776115,-0.952548,108.795598,0.829527,108.030986,2.357019
107.521245,3.375348,107.521245,5.921169,108.285857,1.593273,109.305339,7.957826,108.540727,2.102437,107.776115,0.829527
107.776115,1.338691,107.521245,-1.207130,109.305339,8.466990,108.795598,-0.697966,109.050469,7.194079,108.030986,6.430333
108.285857,4.393676,107.776115,1.338691,109.305339,0.574944,109.815080,5.412004,109.305339,0.320362,108.540727,-0.697966
108.795598,1.847855,108.285857,2.102437,110.324822,8.212408,109.050469,-0.952548,110.069951,7.194079,108.795598,7.957826
108.540727,3.375348,108.795598,3.120766,109.815080,-0.697966,110.579692,6.430333,110.324822,-0.697966,109.050469,0.320362
109.305339,1.338691,108.795598,4.393676,110.324822,6.684915,109.560210,-0.188802,110.579692,7.957826,109.050469,7.703243
109.050469,2.357019,109.815080,1.338691,109.815080,0.320362,110.579692,5.157422,110.579692,0.065780,110.069951,-0.697966
110.324822,2.611601,108.795598,5.412004,110.834563,4.393676,110.579692,0.320362,111.089434,5.412004,110.069951,4.393676
109.560210,3.375348,110.069951,1.593273,110.834563,0.320362,111.344304,2.357019,111.854045,0.065780,110.834563,3.629930
110.579692,6.175751,110.324822,7.448661,111.854045,5.921169,111.089434,5.157422,111.344304,5.157422,110.324822,4.648258
109.815080,2.357019,110.324822,1.593273,110.834563,4.393676,112.363787,1.847855,112.873528,6.430333,111.599175,2.866183
111.344304,5.921169,111.089434,5.921169,112.873528,7.448661,111.599175,5.157422,111.344304,5.157422,110.324822,3.629930
111.854045,3.375348,111.599175,0.829527,112.108916,4.902840,112.618657,2.357019,113.383269,5.157422,112.363787,4.902840
111.599175,6.684915,111.854045,6.939497,112.618657,4.902840,112.363787,5.921169,112.618657,2.611601,112.363787,2.102437
112.873528,4.139094,111.854045,2.611601,112.618657,5.157422,112.873528,2.357019,112.873528,5.412004,111.854045,4.902840
112.363787,4.648258,113.128399,4.902840,113.893010,4.139094,112.363787,6.175751,113.638140,2.866183,112.363787,1.593273
112.618657,3.120766,111.854045,4.902840,112.873528,3.375348,113.893010,4.902840,113.638140,3.884512,112.618657,4.139094
112.618657,2.357019,113.638140,5.157422,114.402752,0.065780,112.873528,6.175751,114.402752,2.611601,112.873528,1.084109
113.638140,9.485318,113.128399,5.157422,113.128399,6.175751,114.402752,6.175751,114.402752,4.393676,112.873528,2.357019
113.638140,1.338691,113.383269,4.648258,114.657622,3.375348,114.147881,5.921169,115.422234,5.666587,113.893010,4.139094
113.893010,10.758229,114.402752,3.884512,114.402752,5.412004,115.422234,7.194079,113.893010,6.939497,113.383269,4.648258
114.657622,-0.443384,113.893010,3.629930,114.912493,6.430333,114.147881,5.157422,115.677105,9.230736,115.167364,6.939497
114.657622,8.466990,114.912493,3.884512,114.657622,6.684915,115.931976,3.629930,115.422234,5.157422,113.893010,3.884512
115.931976,-0.952548,114.657622,3.120766,115.931976,6.939497,114.912493,4.648258,115.677105,8.466990,114.402752,7.448661
114.912493,8.721572,115.931976,4.648258,114.657622,7.194079,115.931976,4.648258,116.441717,5.157422,115.167364,5.412004
115.931976,0.320362,114.657622,6.684915,115.931976,6.939497,115.677105,5.412004,116.696587,7.448661,115.167364,6.175751
116.441717,7.194079,116.441717,3.884512,115.931976,5.412004,116.696587,6.939497,116.441717,5.921169,115.167364,5.157422
116.441717,1.084109,115.677105,7.957826,116.696587,5.921169,115.931976,9.230736,117.206329,7.957826,115.931976,3.120766
116.441717,6.430333,116.441717,4.648258,116.696587,4.648258,117.716070,2.357019,117.716070,6.684915,116.441717,4.648258
116.951458,7.703243,116.951458,8.466990,117.716070,6.430333,116.441717,10.503647,117.206329,4.393676,116.441717,2.102437
117.461199,5.666587,116.441717,4.648258,115.931976,7.957826,118.225811,1.847855,118.480682,9.485318,117.461199,6.430333
117.716070,8.466990,117.716070,7.448661,118.225811,4.139094,117.716070,8.466990,117.716070,3.120766,116.696587,0.829527
118.480682,6.175751,117.716070,5.412004,117.970941,9.739900,118.225811,1.338691,118.735552,10.503647,117.206329,10.249065
118.225811,9.485318,118.990423,5.921169,118.225811,3.884512,117.716070,9.994482,118.735552,1.084109,117.461199,1.084109
118.990423,4.902840,117.716070,6.684915,118.480682,13.304050,119.245294,2.357019,118.735552,11.267393,117.716070,11.267393
118.480682,8.976154,118.735552,4.393676,118.990423,1.338691,118.225811,7.957826,118.990423,2.102437,118.735552,1.084109
119.755035,5.921169,118.990423,6.175751,118.990423,11.012811,119.500164,8.212408,119.500164,11.012811,118.480682,8.721572
119.500164,11.012811,119.245294,4.139094,119.500164,-0.188802,119.245294,6.430333,120.009906,4.393676,118.990423,2.866183
119.755035,7.448661,120.009906,11.521975,120.009906,4.902840,120.519647,5.921169,120.009906,6.684915,118.480682,5.412004
120.264776,9.739900,119.245294,2.611601,120.009906,2.866183,119.500164,4.648258,120.774517,3.629930,120.009906,3.884512
120.519647,11.267393,120.519647,11.267393,120.519647,6.684915,121.029388,9.739900,120.519647,6.684915,118.735552,5.157422
121.539129,9.230736,120.519647,2.102437,120.774517,4.648258,120.264776,6.430333,121.539129,6.684915,120.519647,8.976154
120.774517,11.521975,121.539129,5.921169,121.029388,5.157422,120.774517,10.758229,121.029388,7.448661,120.264776,5.921169
121.794000,11.776557,121.539129,3.120766,121.029388,9.739900,120.519647,2.611601,122.048871,9.739900,120.009906,10.758229
121.794000,12.031139,121.794000,10.249065,121.539129,8.212408,122.048871,12.794886,121.029388,7.703243,121.539129,6.430333
121.794000,10.503647,121.794000,3.375348,121.539129,11.267393,122.048871,5.666587,122.303741,12.540303,120.519647,10.503647
122.558612,9.485318,122.048871,9.994482,121.794000,4.648258,122.303741,14.067796,122.558612,4.902840,121.539129,4.902840
123.068353,11.776557,123.323224,9.230736,122.303741,13.049468,122.048871,6.939497,122.558612,14.322378,121.284259,11.012811
123.323224,10.249065,122.048871,8.466990,122.303741,5.921169,122.813483,11.012811,123.323224,4.393676,122.558612,3.375348
123.578094,15.086125,123.578094,9.994482,122.813483,11.776557,123.068353,9.739900,123.068353,12.540303,122.048871,9.994482
124.597577,8.721572,123.578094,6.430333,123.323224,6.430333,123.068353,8.466990,123.068353,6.430333,122.813483,12.285721
123.578094,16.359035,124.087836,11.776557,123.068353,12.540303,123.068353,11.012811,123.578094,14.831542,122.558612,10.503647
124.597577,10.249065,123.323224,6.939497,123.578094,9.739900,124.342706,9.230736,124.597577,13.049468,122.813483,12.794886
124.597577,14.322378,124.597577,10.758229,124.597577,12.031139,124.087836,7.448661,123.578094,11.521975,123.068353,9.230736
124.852448,9.230736,124.597577,5.412004,124.087836,13.813214,124.597577,11.012811,125.107318,13.049468,123.323224,12.540303
125.617059,11.521975,125.362189,11.776557,124.597577,9.485318,124.852448,7.703243,124.342706,11.521975,123.832965,9.485318
125.362189,8.212408,126.636542,9.739900,125.617059,12.031139,124.087836,11.521975,125.362189,13.049468,123.578094,11.012811
126.126801,15.849871,125.107318,13.304050,124.342706,9.485318,125.362189,4.648258,125.107318,14.322378,124.852448,9.485318
126.126801,10.249065,126.636542,11.521975,125.617059,11.521975,125.617059,13.304050,125.617059,10.503647,124.087836,9.485318
127.401154,13.813214,126.381671,12.031139,125.617059,11.012811,125.617059,6.175751,125.871930,8.976154,124.852448,13.558632
126.381671,14.831542,126.636542,13.558632,126.381671,9.994482,125.871930,16.359035,126.891413,12.285721,125.617059,9.739900
127.401154,12.031139,127.656024,11.521975,126.891413,10.503647,126.636542,7.957826,127.401154,15.340707,125.107318,16.613617
127.656024,21.196095,127.146283,14.322378,127.146283,8.976154,126.636542,16.868199,126.636542,9.230736,125.362189,5.412004
127.910895,15.595289,127.656024,13.049468,126.891413,15.086125,127.401154,7.448661,127.656024,18.395692,126.381671,18.141110
128.675507,22.469006,128.165766,10.758229,127.401154,10.249065,127.146283,10.503647,127.146283,7.703243,126.636542,7.957826
128.675507,13.813214,128.930378,12.794886,127.146283,15.849871,127.401154,9.230736,128.165766,16.359035,126.381671,14.067796
129.185248,20.177767,127.910895,10.249065,127.146283,7.703243,127.656024,15.086125,128.165766,7.957826,127.656024,6.430333
128.930378,14.831542,129.440119,17.631946,127.656024,16.613617,128.420636,12.031139,128.675507,19.668602,126.636542,11.267393
130.204731,21.959841,129.185248,10.758229,129.185248,8.466990,128.165766,8.212408,128.420636,8.976154,127.656024,7.703243
128.675507,17.122781,129.694990,21.196095,127.656024,15.595289,128.675507,15.595289,129.185248,14.831542,127.656024,13.049468
131.224213,21.196095,130.204731,8.466990,129.694990,10.249065,128.930378,10.503647,129.185248,12.031139,127.146283,12.794886
130.459601,19.668602,130.714472,19.159438,129.185248,14.576960,128.675507,19.668602,129.185248,16.359035,128.165766,12.031139
130.714472,21.959841,130.714472,9.994482,129.694990,12.540303,129.440119,8.976154,129.949860,16.868199,128.675507,18.650274
131.479084,22.723588,130.714472,14.067796,129.694990,13.304050,129.949860,19.159438,129.440119,14.576960,129.185248,12.540303
131.988825,20.941513,131.733955,7.957826,130.459601,19.668602,129.694990,10.249065,130.714472,21.705259,128.930378,22.723588
131.733955,19.668602,131.224213,15.340707,129.440119,11.776557,130.204731,17.886528,130.459601,13.558632,130.204731,13.304050
