0_x,0_y,1_x,1_y,2_x,2_y,3_x,3_y,4_x,4_y
122.303741,152.560462,121.539129,182.091987,120.009906,217.733482,121.539129,100.625713,121.794000,9.994482
124.087836,157.906687,124.852448,188.201957,123.578094,223.588870,123.832965,109.026922,124.852448,4.648258
127.146283,160.961672,127.146283,188.201957,125.362189,228.171348,126.891413,111.572743,127.401154,13.813214
129.440119,164.271239,130.204731,195.584839,127.910895,233.772155,129.440119,119.210206,129.185248,10.758229
131.988825,167.835389,132.243696,198.385242,131.479084,238.100050,131.988825,124.301849,132.753437,19.668602
134.282661,169.617464,134.792402,203.222302,133.518049,243.700857,135.047273,131.684730,134.027790,23.741916
137.850850,172.672449,137.850850,207.804780,136.576497,246.755842,136.831367,137.540118,137.850850,28.069812
139.634944,173.436195,138.870332,214.678497,138.360591,252.611231,140.399556,143.395507,139.889815,33.416036
141.928780,176.236598,142.693392,222.061378,141.673909,253.884141,141.928780,150.523806,141.928780,39.016843
144.732357,176.745763,144.987227,226.643856,143.203133,257.448291,144.987227,154.597119,144.987227,45.635977
147.790804,179.800748,147.281063,234.281319,146.771322,259.739530,147.026192,158.925015,147.535934,51.745948
149.320028,178.273255,149.574899,239.627543,149.320028,263.303679,149.320028,161.725418,149.829769,58.365083
152.123605,184.128644,151.868734,243.700857,151.358993,263.812843,153.143087,165.289568,152.123605,64.729635
155.182052,183.874062,155.691794,247.265006,153.397958,266.104082,155.436923,167.580807,154.927182,71.857934
157.221018,188.965704,156.711276,252.102066,156.711276,266.358664,158.240500,171.399538,156.711276,82.804965
160.534336,195.075674,160.534336,255.411634,159.259983,267.631575,160.024594,173.436195,159.514853,90.442428
162.063559,198.130660,161.808689,256.175380,161.298948,268.649903,162.318430,177.509509,162.318430,100.116548
165.631748,203.731466,164.867136,259.994112,164.612266,272.214053,165.122007,180.564494,165.376878,106.226519
167.415843,207.804780,167.415843,259.994112,166.396360,270.941142,167.415843,183.110315,166.651231,116.918967
170.219420,215.951407,170.474290,264.322007,169.454808,276.541949,170.984032,187.947375,170.474290,124.047266
172.513255,220.024721,172.768126,263.812843,172.003514,277.051113,172.258385,189.984032,172.003514,133.721387
175.061962,227.407602,174.297350,266.867829,174.552220,281.124427,175.316832,197.112331,175.571703,141.358850
178.120409,232.753826,178.375280,267.631575,176.591185,284.688576,178.120409,197.621495,177.610668,150.523806
179.649633,239.627543,179.649633,269.922814,179.649633,289.525636,180.669115,204.749794,180.414245,159.434179
183.217822,243.700857,183.472692,272.977799,182.453210,296.399353,182.708080,208.823108,182.198339,167.071643
185.256787,247.010424,185.256787,274.250710,183.727563,300.218085,185.511657,216.205989,185.256787,178.018673
188.824976,251.847484,187.805493,278.069441,188.060364,307.091802,188.570105,222.315960,187.805493,183.364897
190.354199,254.902470,190.609070,279.342352,189.079846,311.928862,189.844458,230.208005,189.589587,193.293600
193.157776,258.212037,193.412647,286.725233,192.393164,319.311743,193.667518,238.609215,192.902906,201.185645
195.451612,259.739530,195.961353,284.688576,194.177259,324.403385,195.961353,244.464603,194.941871,208.568526
198.255189,263.812843,197.490577,292.580621,196.980836,330.004191,198.510060,251.847484,198.510060,216.205989
200.549025,265.085754,201.313636,293.344368,199.529542,335.095833,200.803895,255.920798,199.784413,224.352617
202.842860,268.140739,203.352601,300.472667,202.078248,338.405401,203.352601,261.267022,203.607472,232.244662
206.665920,271.959471,205.646437,303.018488,204.626955,342.733297,206.156178,263.049097,205.136696,238.100050
208.195143,274.250710,208.450014,308.619294,206.411049,345.533700,208.195143,267.631575,207.940273,247.774171
211.253591,279.596934,211.253591,313.710936,210.488979,347.315774,211.253591,268.904485,210.743850,253.374977
212.782815,280.106098,213.802297,320.075489,212.018203,349.097849,213.037685,273.486963,213.037685,263.049097
216.351004,285.961487,215.586392,325.421713,215.841262,351.643670,215.841262,278.324023,215.331521,267.631575
218.899710,287.488979,219.409451,330.767937,217.880227,352.916581,219.154581,283.924830,217.625357,276.032784
221.448416,296.399353,221.448416,336.368744,219.664322,355.971566,220.938675,289.780218,220.938675,283.161083
223.742252,296.908517,224.251993,340.696640,222.467899,356.735312,223.997122,295.126442,222.467899,290.034800
226.545829,305.309727,226.036088,345.024535,225.271476,360.808626,226.036088,302.000159,226.545829,297.163099
228.584794,307.855548,228.329923,347.061192,228.075053,362.336119,229.349406,306.328055,228.075053,303.273070
231.133500,316.765922,231.133500,351.389088,230.114018,363.863611,231.388371,312.947190,230.368888,312.183444
234.701689,322.621310,233.682206,353.425745,232.662724,368.955254,233.937077,319.311743,233.427336,316.765922
235.721171,327.967534,236.740654,356.735312,234.956560,367.936925,236.485783,325.167131,235.976042,325.930877
239.289360,335.350415,238.524748,358.008223,237.760136,373.028567,238.524748,330.767937,238.524748,331.022520
241.583196,338.150819,242.602678,360.299462,240.308843,371.755657,242.092937,337.387072,240.308843,338.914565
244.131902,345.024535,243.877032,362.845283,243.112420,380.411448,243.367290,343.497043,244.131902,344.006207
246.680609,347.570357,246.680609,364.881940,245.661126,379.902284,246.680609,348.588685,245.661126,351.134506
248.974444,354.444073,249.229315,367.936925,247.954962,387.539747,248.974444,353.934909,248.719574,357.753641
251.778021,356.735312,251.013409,370.482746,250.503668,389.830986,251.778021,358.517387,250.758539,363.609029
254.326727,360.044880,254.581598,375.828970,253.052374,397.468450,254.836469,363.354447,253.307245,370.228164
257.385175,363.354447,256.110822,377.611045,256.110822,404.087584,256.110822,366.154850,255.855951,376.592717
258.914399,365.900268,259.169269,384.230180,257.640046,409.179226,259.679011,372.519403,258.659528,382.957269
261.717976,373.792314,261.972846,387.539747,261.463105,417.071272,261.463105,377.356463,261.208234,388.812658
264.776423,373.283149,264.521553,394.668046,262.737458,421.399168,264.776423,384.739344,263.502070,395.940957
266.815388,383.721016,267.070259,401.032599,266.050776,428.018302,267.834871,389.830986,266.560518,402.050927
269.364095,384.739344,268.854353,407.142570,268.599483,431.582452,269.364095,396.704703,267.580000,408.415480
272.167671,394.668046,272.422542,415.289197,270.893318,437.692422,271.912801,403.323838,271.403060,414.525451
274.716378,400.014271,274.971248,421.908332,273.442025,440.238244,274.461507,409.433809,273.442025,419.871675
276.500472,407.906316,276.500472,428.527467,275.990731,442.274900,277.519955,416.816690,275.480990,427.509138
279.558920,413.507122,279.304049,433.364527,278.539437,446.093632,279.304049,422.162914,278.284567,432.091616
281.852755,420.380839,282.362497,436.164930,280.578402,447.621125,282.362497,429.800377,280.323532,438.201587
284.401462,428.018302,285.166074,439.983661,284.146591,450.930692,284.656332,433.619109,283.636850,444.311557
286.950168,431.837034,286.185556,442.784065,286.185556,451.185274,286.695297,440.238244,285.675815,449.912364
288.989133,439.219915,290.518357,446.093632,288.479392,455.004006,290.263486,445.075304,288.989133,455.767752
292.047581,443.547811,292.047581,448.639453,291.282969,455.258588,291.792710,449.912364,290.518357,463.405215
293.831675,448.894035,294.596287,451.185274,293.067063,461.113976,294.341416,455.258588,293.576804,467.223947
297.399864,451.439856,296.890123,452.712767,296.380381,461.623141,297.399864,459.586484,296.125511,473.588500
299.438829,456.531498,298.929088,457.549827,298.674217,466.460201,299.183958,467.223947,298.164476,479.698470
301.987535,459.841066,303.007018,458.568155,300.713182,471.551843,301.987535,471.551843,300.968053,485.044694
299.948570,461.113976,299.438829,462.641469,300.968053,474.861410,298.929088,472.570171,299.183958,487.845098
295.615769,453.985677,296.890123,455.004006,297.909605,469.260604,296.890123,463.150633,296.635252,479.953052
293.831675,449.657782,293.321934,453.221931,294.596287,461.368558,292.557322,457.804409,292.302451,472.824753
289.753745,444.311557,290.263486,448.894035,290.773227,461.113976,289.498874,450.930692,290.518357,465.441872
287.459909,438.710751,287.459909,445.839050,288.734262,454.240259,287.459909,444.311557,287.205039,458.822737
283.891720,433.364527,283.381979,442.529483,284.656332,453.731095,283.127109,438.710751,283.891720,451.694438
281.088144,423.435824,282.107626,437.947005,282.617367,450.421528,281.088144,431.837034,281.343014,445.075304
278.284567,417.071272,277.774825,434.637437,279.049178,447.875707,277.519955,424.454153,278.284567,436.419512
274.716378,408.415480,274.971248,427.509138,276.500472,446.348214,275.735860,416.307525,275.735860,430.054959
272.422542,400.778017,272.167671,422.162914,272.932283,442.529483,271.912801,409.688391,271.912801,422.417496
268.599483,390.340151,269.109224,414.270869,270.128706,441.001990,269.364095,402.305510,269.873836,415.798361
266.050776,385.248508,265.286164,406.887988,267.834871,433.619109,266.305647,394.158882,265.541035,407.651734
263.502070,376.592717,262.992329,398.232196,263.502070,430.054959,262.482588,386.521419,263.247199,401.032599
260.188752,371.755657,260.953364,391.867643,261.717976,421.399168,260.698493,379.647702,260.188752,393.140554
257.130304,367.682343,256.875434,382.193523,259.169269,415.798361,256.875434,372.773985,257.130304,387.030583
254.581598,363.863611,254.581598,379.393120,255.855951,408.415480,254.581598,366.918597,254.581598,378.883956
252.287762,361.063208,251.523150,372.010239,253.052374,402.560092,251.778021,360.044880,250.503668,372.010239
248.974444,355.462402,248.974444,370.228164,249.484185,394.413464,248.974444,356.989895,248.719574,365.391104
245.915997,352.916581,246.425738,366.918597,247.190350,390.340151,245.915997,351.389088,246.170867,356.226148
242.857549,345.788282,242.347808,362.336119,243.622161,383.975598,242.092937,345.279118,242.857549,350.625342
239.799102,341.460386,240.308843,363.354447,241.838067,381.175195,240.563713,340.187475,239.799102,341.969550
237.760136,333.822923,237.250395,358.262805,238.269878,373.028567,236.995525,331.531684,237.505266,335.095833
233.937077,327.458370,234.701689,357.244477,235.466301,372.773985,234.191948,326.694624,234.956560,326.694624
231.643241,321.348400,231.133500,352.661999,232.662724,369.209836,231.898112,317.275086,230.878629,319.820907
228.584794,312.947190,227.565311,351.389088,229.859147,365.645686,227.310441,311.928862,229.094535,312.692608
225.781217,310.146787,226.545829,346.806610,227.310441,364.118194,226.036088,303.782234,225.271476,304.291398
223.487381,299.454338,222.722769,342.478714,223.742252,360.554044,223.232511,296.908517,222.467899,297.163099
220.428934,297.672264,219.919192,337.387072,221.958157,359.281133,220.174063,290.798547,220.428934,288.507308
217.625357,287.743561,217.370486,332.040848,218.389969,354.698656,217.880227,284.943158,217.115615,281.124427
214.312039,287.234397,213.547427,328.222116,214.821780,353.680327,213.802297,279.851516,214.312039,272.723217
212.273074,279.087770,212.018203,320.584653,212.782815,350.370760,211.253591,273.486963,211.253591,265.340336
209.724367,276.541949,208.704885,317.275086,209.469497,348.588685,209.214626,270.177396,209.724367,256.939126
205.901308,272.723217,206.411049,309.383040,207.685402,346.552028,206.156178,265.085754,205.901308,247.774171
203.607472,269.922814,202.842860,303.527652,204.117213,342.224132,203.352601,262.539933,203.097731,241.409618
200.294154,266.867829,200.039283,295.381025,201.058766,339.678311,199.274671,256.175380,201.058766,231.480916
198.000318,263.558261,198.255189,294.108114,198.764930,334.586669,198.000318,251.847484,197.490577,224.352617
194.432129,262.030769,194.432129,287.234397,196.216224,331.277102,193.922388,245.482932,194.941871,214.678497
192.138294,256.939126,192.393164,285.706904,193.412647,324.657967,191.883423,238.609215,191.883423,208.059362
189.589587,254.393305,189.334717,279.087770,189.844458,318.293414,189.334717,229.698841,190.099329,197.112331
186.531140,250.319992,186.786011,279.596934,187.805493,311.674279,185.766528,223.079706,186.021399,189.729450
184.492175,245.992096,183.727563,276.287367,184.747046,305.564309,184.237304,215.696825,184.237304,180.055330
180.669115,241.155036,180.669115,272.468635,182.198339,299.454338,180.669115,208.823108,180.923986,170.635792
178.375280,235.808811,178.630150,271.704889,179.904504,292.580621,178.375280,202.458555,178.375280,161.725418
175.571703,227.916766,175.316832,267.376993,176.336315,288.252726,175.316832,195.075674,176.336315,152.560462
172.768126,222.825124,172.768126,266.867829,174.297350,282.906501,173.022997,192.784435,173.022997,142.122596
169.964549,215.696825,170.219420,262.794515,170.984032,280.869844,170.474290,186.674465,170.219420,133.466804
166.906101,209.077690,167.160972,262.539933,168.945066,273.741545,166.906101,183.874062,167.160972,123.028938
165.376878,204.495212,165.122007,259.230365,165.886619,273.741545,164.102525,180.055330,165.376878,114.373146
161.298948,196.857749,161.553818,257.702873,163.083042,270.686560,161.808689,177.000345,161.808689,105.971937
159.769724,193.293600,159.769724,254.902470,160.789206,268.904485,159.259983,173.945359,159.514853,96.043235
156.201535,187.183629,156.201535,249.810827,156.711276,266.613246,156.201535,170.381210,156.711276,87.132861
153.397958,185.401554,153.652829,249.301663,155.182052,265.849500,153.143087,168.089971,153.143087,78.731651
151.104122,180.819076,151.613864,243.446275,151.613864,264.831172,150.849252,162.998329,151.868734,70.585024
148.810287,179.546166,148.300545,239.882125,149.065157,262.539933,147.790804,159.943344,148.045675,61.674650
146.261580,176.491181,145.496969,234.281319,146.771322,262.285351,146.261580,155.106284,145.496969,55.819262
142.438521,175.472852,142.438521,227.153020,144.477486,258.721201,142.948262,149.760059,143.203133,46.654306
140.909297,174.963688,140.144685,220.788467,141.928780,258.212037,139.889815,144.922999,140.399556,39.271425
138.105720,171.144956,137.850850,213.151004,138.615462,252.611231,137.595979,138.303864,137.595979,35.961857
134.792402,169.362882,134.537531,206.786451,136.066755,249.810827,134.537531,131.939312,135.302143,27.560648
132.498566,165.798732,132.753437,200.931063,133.263178,244.210021,132.498566,125.574759,132.498566,25.523991
129.185248,161.470836,129.185248,196.603167,130.459601,241.409618,128.930378,119.719371,129.185248,13.304050
127.401154,157.906687,126.636542,192.784435,127.910895,234.026737,126.636542,113.609400,127.656024,17.631946
122.813483,153.324209,124.087836,191.511525,124.342706,229.444259,123.832965,110.299833,123.832965,5.412004
121.539129,147.468820,121.284259,183.874062,123.068353,224.098035,121.539129,102.407787,122.048871,13.304050
118.735552,141.613432,118.990423,184.128644,120.009906,217.478900,119.245294,100.116548,118.225811,1.847855
116.186846,136.776372,115.422234,180.309912,116.696587,214.169332,115.422234,94.770324,116.441717,7.448661
113.893010,130.920983,113.893010,179.800748,114.147881,206.022705,113.383269,93.751996,113.383269,-2.734623
109.560210,126.593088,110.834563,176.236598,111.854045,205.004377,110.834563,87.642025,110.834563,3.884512
108.285857,119.973953,108.030986,176.491181,110.069951,197.621495,107.776115,88.151189,109.050469,2.102437
105.737150,115.646057,105.737150,174.709106,105.737150,194.566510,105.992021,84.332458,104.972538,-1.207130
102.423832,110.808997,102.423832,173.945359,104.462797,189.474868,102.423832,83.314129,103.188444,2.611601
100.639738,108.517758,100.639738,172.927031,101.149479,186.674465,100.384867,81.022890,100.384867,-1.716295
97.071549,102.662369,96.561808,169.872046,98.345902,182.855733,97.581290,76.949577,97.326420,2.866183
95.287455,101.898623,95.287455,168.089971,95.287455,180.309912,94.522843,75.676666,94.777713,-3.752951
91.719266,97.061563,91.974136,166.053314,93.248489,178.018673,91.464395,70.075860,91.974136,-0.443384
89.170559,96.043235,89.680301,162.998329,90.954654,174.709106,89.170559,69.312113,89.935171,-4.007533
86.366982,92.479085,86.876724,159.943344,87.386465,172.927031,87.386465,64.220471,86.621853,-0.952548
84.073147,90.951592,83.563406,156.124612,85.092629,169.617464,83.563406,60.656322,84.837759,-4.007533
81.779311,89.169518,81.779311,156.124612,82.034182,166.562478,81.779311,56.328426,81.269570,-3.243787
78.975734,86.878279,78.975734,148.996313,79.740346,164.271239,78.211122,51.745948,78.720864,-1.716295
76.681899,85.859950,76.172157,148.741731,77.701381,160.452508,75.917287,47.927216,76.681899,-5.025862
73.623451,82.295801,73.878322,140.849686,73.878322,158.670433,73.623451,43.090156,73.623451,-1.970877
70.819874,81.786637,70.055262,138.303864,72.094227,155.360866,70.310133,39.016843,71.074745,-4.771280
68.016297,79.495398,68.780909,132.448476,69.545521,149.505477,68.526038,33.416036,68.271168,-4.516698
65.467591,78.477069,65.212720,128.884326,66.741944,144.922999,64.702979,29.851887,66.232203,-5.789608
63.173755,77.204159,63.428626,122.010610,64.448108,139.576775,62.918885,24.505663,62.154273,-5.789608
59.605566,73.894591,60.115308,116.664385,60.879920,132.703058,60.625049,20.177767,61.389661,-6.298772
58.586084,72.367099,57.056860,111.063579,59.095825,127.611416,57.566601,15.340707,57.311731,-6.044190
54.253283,68.802949,55.527636,105.462773,55.272766,119.464789,54.763024,11.521975,54.763024,-4.771280
52.469189,67.275457,51.704577,100.116548,53.488671,112.845654,51.704577,9.485318,52.469189,-7.062519
49.920482,61.165486,49.920482,95.279488,50.939965,104.953608,49.920482,5.412004,50.175353,-4.262116
47.116906,57.601336,46.607164,90.442428,48.136388,98.589056,45.842552,4.648258,47.116906,-6.807937
44.568199,51.745948,44.058458,86.878279,45.332811,89.678682,44.058458,1.593273,44.058458,-5.025862
41.254881,46.908888,41.764622,83.059547,42.529234,83.059547,42.274364,2.611601,42.784105,-6.807937
38.961045,40.544335,39.470787,78.731651,40.745140,76.185830,38.706175,-2.480041,38.451304,-6.298772
36.412339,34.179783,36.922080,74.658338,37.941563,69.566695,36.922080,2.102437,36.922080,-6.807937
33.863633,29.342723,33.353892,70.585024,35.137986,64.475053,32.844150,-4.262116,34.118503,-7.062519
31.314926,23.487334,32.079538,66.511710,32.334409,55.819262,31.060056,-0.443384,31.314926,-6.553355
28.001608,22.469006,28.256479,62.438396,29.785703,50.982202,28.766220,-5.280444,28.766220,-7.062519
26.727255,12.540303,25.707773,57.855919,27.491867,42.071828,25.707773,-1.716295,25.962643,-6.044190
22.904196,14.322378,23.413937,50.727620,23.923678,36.725604,23.159066,-5.025862,23.668808,-6.807937
20.610360,6.430333,20.100619,44.617649,22.139584,29.851887,20.865231,-4.771280,20.610360,-5.025862
18.571395,5.412004,18.826266,39.526007,19.336007,22.469006,18.571395,-5.025862,18.316524,-7.826265
15.512947,1.847855,14.748336,31.888544,16.532430,19.159438,14.748336,-6.044190,15.512947,-6.298772
13.473982,2.102437,12.199629,27.051484,13.728853,13.049468,14.238594,-4.771280,12.964241,-7.571683
10.160664,-3.498369,10.160664,18.141110,10.925276,9.485318,10.160664,-7.062519,10.415535,-7.062519
8.376570,-2.734623,7.357087,15.086125,9.396052,2.866183,7.611958,-5.280444,7.102217,-7.571683
4.298640,-4.516698,5.572993,8.466990,5.827864,3.375348,5.063252,-8.080847,5.827864,-7.317101
2.769416,-4.771280,1.495063,4.648258,3.788898,-0.697966,1.749933,-6.807937,2.259675,-8.335429
0.220710,-5.535026,-0.034161,-0.697966,0.220710,-1.716295,0.475580,-7.826265,-0.289032,-7.826265
-2.837738,-7.062519,-2.837738,-3.243787,-2.073126,-5.789608,-3.347479,-8.080847,-3.347479,-6.807937
-5.386444,-8.080847,-5.641315,-6.553355,-4.876703,-7.062519,-4.876703,-8.080847,-5.131574,-7.826265
-8.190021,-9.862922,-7.425409,-11.135832,-7.425409,-9.608340,-8.190021,-9.353758,-7.935150,-7.826265
-10.483857,-11.390415,-11.503339,-12.408743,-9.464374,-11.899579,-10.738727,-7.571683,-10.993598,-8.080847
-14.052046,-13.427071,-13.032563,-18.518714,-12.777692,-12.408743,-13.287434,-10.881250,-12.522822,-7.571683
-16.091011,-14.190818,-16.600752,-20.046206,-14.306916,-14.954564,-16.855623,-9.099176,-16.600752,-8.590011
-18.129976,-15.972893,-18.384846,-27.174505,-17.365364,-15.972893,-18.129976,-10.881250,-18.384846,-7.826265
-21.443294,-18.009549,-20.933553,-31.502401,-19.914070,-19.791624,-21.953035,-10.881250,-21.443294,-8.590011
-23.227388,-19.791624,-24.246871,-36.848625,-22.972518,-22.846609,-23.992000,-11.390415,-23.482259,-8.590011
-26.540706,-23.864938,-26.285836,-42.194850,-26.285836,-28.701998,-26.540706,-12.154161,-26.540706,-8.590011
-28.579672,-26.410759,-29.599154,-48.813984,-27.560189,-34.302804,-29.344283,-11.899579,-28.834542,-8.080847
-32.402731,-29.974908,-31.383248,-55.687701,-30.873507,-40.412775,-31.383248,-12.408743,-31.383248,-8.080847
-33.931955,-34.048222,-34.696567,-61.543090,-33.167343,-48.813984,-34.951437,-12.917907,-34.951437,-9.353758
-37.500144,-39.139864,-36.480661,-68.416807,-36.225790,-56.196865,-36.480661,-13.681654,-36.225790,-8.335429
-40.303720,-41.431103,-39.539109,-73.508449,-38.774497,-63.325164,-40.048850,-15.463728,-40.048850,-8.844594
-42.087815,-47.286492,-42.087815,-80.636748,-41.578074,-70.453463,-42.597556,-16.482057,-41.832944,-8.080847
-45.656004,-51.614388,-44.381651,-84.455479,-44.126780,-76.818016,-44.891392,-18.518714,-44.381651,-8.844594
-47.440098,-57.469776,-48.204710,-89.547121,-46.420616,-83.182569,-48.204710,-18.773296,-46.675486,-8.844594
-51.008287,-61.288508,-49.733934,-93.875017,-49.988804,-89.037957,-50.753416,-21.319117,-50.498546,-9.608340
-52.537511,-65.870986,-53.047252,-99.475824,-51.518028,-93.620435,-53.047252,-24.883266,-52.792381,-9.099176
-55.850829,-72.235538,-56.360570,-102.785391,-54.576476,-101.003316,-55.086217,-25.392430,-55.086217,-9.099176
-58.144665,-73.508449,-58.399535,-109.149944,-56.870311,-105.331212,-59.164147,-30.738655,-58.654406,-9.353758
-60.438500,-80.636748,-61.457983,-113.732422,-60.183630,-113.223257,-60.438500,-32.520729,-60.183630,-9.608340
-64.006689,-82.164240,-62.987207,-119.333228,-62.222595,-117.805735,-63.751818,-38.885282,-63.751818,-9.608340
-65.790783,-87.765047,-66.810266,-127.479855,-65.281042,-126.461527,-66.300525,-41.685685,-65.790783,-9.862922
-69.104102,-89.292539,-68.084619,-132.062333,-67.320007,-132.571498,-68.339490,-47.286492,-68.084619,-10.881250
-70.633325,-92.602107,-71.397937,-141.991036,-69.613843,-139.445215,-71.907679,-51.105223,-71.143067,-11.390415
-74.201514,-95.657092,-73.946644,-144.282275,-73.436902,-145.809767,-73.691773,-57.469776,-73.946644,-10.117504
-76.495350,-95.657092,-76.495350,-154.720141,-75.475867,-150.646827,-77.005091,-61.033925,-76.240479,-12.154161
-79.298927,-99.221242,-79.553797,-157.265962,-78.789186,-159.302619,-78.789186,-68.925971,-78.279444,-10.372086
-82.102504,-97.948331,-81.337892,-167.449246,-81.083021,-161.084694,-82.102504,-71.980956,-82.612245,-12.154161
-83.886598,-101.767063,-84.906081,-166.685500,-83.886598,-170.758814,-84.906081,-74.781359,-83.886598,-9.099176
-87.709658,-102.530809,-86.945046,-172.031724,-85.925563,-171.522560,-86.945046,-82.927987,-87.199916,-12.663325
-89.493752,-104.822048,-90.258364,-174.068381,-88.984011,-178.141695,-90.258364,-84.455479,-89.493752,-12.917907
-92.807070,-108.640780,-92.552200,-175.341292,-91.787588,-179.669187,-92.297329,-85.473808,-92.552200,-12.154161
-95.355776,-108.131615,-95.355776,-180.942098,-93.316811,-185.015412,-95.610647,-90.310868,-94.846035,-13.427071
-97.649612,-114.750750,-97.904483,-179.669187,-96.885000,-188.070397,-97.394742,-90.565450,-97.649612,-12.408743
-100.198318,-116.023661,-100.453189,-185.015412,-99.688577,-191.379964,-99.943448,-93.620435,-100.198318,-14.954564
-102.492154,-121.879049,-103.511637,-184.251665,-102.237283,-196.471607,-103.001895,-94.638764,-102.747025,-13.427071
-106.315214,-123.915706,-105.550602,-188.324979,-104.531119,-198.253681,-106.060343,-97.948331,-105.040860,-15.972893
-107.589567,-131.044005,-108.609049,-189.852472,-107.079825,-204.872816,-108.354179,-99.475824,-107.844437,-12.917907
-111.667497,-133.589826,-110.138273,-191.379964,-110.393144,-207.418637,-110.393144,-101.257898,-110.902885,-18.009549
-112.941850,-139.190632,-113.961332,-194.180368,-111.922367,-214.801518,-114.216203,-104.567466,-112.686979,-15.463728
-116.255168,-144.282275,-116.000297,-194.434950,-116.000297,-217.856504,-116.000297,-104.567466,-116.510039,-19.791624
-118.803874,-149.628499,-118.803874,-198.762845,-117.274651,-225.748549,-119.058745,-109.659108,-118.039263,-18.773296
-122.117193,-154.210977,-121.352581,-197.235353,-120.333098,-230.076445,-121.607451,-108.386197,-121.352581,-20.809953
-124.411028,-159.557201,-124.156158,-204.363652,-123.136675,-236.950162,-123.901287,-113.223257,-123.901287,-21.573699
-126.959735,-163.885097,-127.214605,-204.109070,-125.685381,-241.278057,-126.704864,-114.241586,-125.685381,-23.864938
-129.763311,-167.703828,-129.253570,-208.182383,-128.234088,-246.878864,-129.508441,-120.860721,-129.508441,-24.883266
-131.292535,-172.795471,-132.312018,-212.510279,-130.273053,-251.206760,-132.821759,-123.406542,-131.292535,-25.647013
-134.860724,-175.341292,-134.605853,-215.310682,-134.096112,-254.007163,-133.841242,-127.989020,-134.605853,-27.429087
-136.644818,-180.432934,-137.409430,-220.656907,-135.370465,-260.371715,-137.409430,-134.098990,-136.389948,-32.266147
-139.958137,-181.196680,-139.448395,-226.257713,-139.193525,-262.153790,-139.448395,-140.208961,-140.722749,-35.321133
-142.251972,-185.524576,-142.506843,-232.876848,-140.977619,-266.736268,-143.016584,-146.573514,-141.742231,-43.976924
-144.800679,-187.561233,-145.820161,-238.477654,-143.526325,-269.282089,-145.055549,-152.938066,-145.055549,-49.068566
-147.094514,-190.361636,-147.349385,-245.605953,-146.839644,-273.355403,-147.859126,-160.575529,-147.604256,-59.506433
-150.407832,-193.162039,-150.662703,-249.933849,-148.878609,-275.137478,-150.917574,-165.158007,-150.407832,-65.107239
-153.466280,-194.944114,-152.701668,-259.353387,-151.937056,-277.937881,-152.446798,-173.304635,-152.446798,-76.054270
-154.740633,-196.217024,-154.995504,-260.117133,-154.740633,-279.719956,-156.014986,-175.850456,-155.760116,-82.673405
-158.563693,-197.489935,-157.799081,-269.536671,-157.034469,-279.719956,-158.053951,-180.687516,-158.308822,-93.875017
-160.347787,-200.544920,-161.112399,-268.772925,-159.073434,-283.284105,-160.857528,-182.978755,-159.838046,-100.239570
-163.661105,-204.109070,-162.896493,-274.628313,-162.641623,-283.284105,-163.406235,-187.052069,-163.915976,-109.404526
-165.954941,-207.418637,-165.445200,-275.646642,-164.935458,-286.339090,-166.209812,-190.107054,-165.190329,-117.805735
-169.013388,-213.783190,-169.013388,-278.956209,-167.739035,-287.612001,-168.758518,-190.870800,-168.248777,-124.934034
-171.052353,-217.601921,-171.307224,-280.992866,-170.032871,-292.449061,-171.307224,-195.453278,-171.307224,-134.862737
-173.601060,-226.003131,-174.110801,-280.738284,-173.091319,-292.194479,-174.365672,-197.489935,-173.346189,-145.046021
-177.169249,-231.349355,-176.149766,-282.774941,-175.640025,-294.485718,-176.659507,-202.581577,-176.149766,-151.410574
-178.698472,-238.986818,-179.717955,-284.047851,-177.678990,-299.577360,-179.717955,-204.618234,-179.208214,-161.339276
-182.011791,-247.133446,-181.502049,-285.575344,-181.247179,-302.886927,-181.247179,-210.982787,-181.502049,-169.231321
-184.305626,-251.970506,-185.070238,-288.884911,-183.031273,-308.233152,-184.305626,-215.819847,-183.286144,-178.905441
-187.364074,-259.607969,-187.364074,-291.685315,-186.344591,-313.579376,-186.344591,-220.147742,-187.873815,-187.306651
-189.657909,-262.662954,-189.403039,-295.504046,-188.383556,-320.707675,-189.912780,-228.039788,-188.893298,-196.217024
-192.461486,-268.518343,-191.696874,-300.341106,-191.442004,-326.563063,-192.461486,-232.622266,-192.206616,-203.854488
-194.500451,-270.300418,-194.755322,-305.941913,-193.735840,-333.945944,-194.755322,-241.023475,-194.755322,-212.001115
-196.539416,-273.100821,-197.558899,-308.996898,-197.049158,-339.292169,-197.813770,-245.860535,-197.558899,-221.675235
-200.617347,-277.428717,-199.342993,-315.616033,-199.342993,-347.438796,-200.107605,-253.752581,-199.088123,-228.039788
-202.146570,-279.465373,-202.911182,-319.943929,-201.636829,-352.785020,-202.656312,-259.353387,-202.656312,-236.950162
-205.714759,-282.774941,-204.950147,-326.563063,-203.930665,-359.149573,-205.205018,-266.481686,-204.950147,-244.078461
-208.008595,-285.066180,-208.008595,-331.909288,-206.989112,-359.913319,-208.263465,-270.809582,-207.243983,-253.752581
-210.302430,-287.866583,-210.302430,-338.019258,-209.282948,-364.495797,-210.047560,-276.919552,-210.302430,-260.117133
-212.851137,-292.194479,-213.360878,-343.620064,-211.831654,-365.768708,-213.360878,-280.738284,-212.086525,-268.772925
-215.399843,-296.267793,-215.654714,-348.202542,-215.144972,-367.041618,-215.654714,-283.793269,-215.399843,-275.646642
-218.713161,-301.104853,-218.713161,-352.530438,-215.909584,-370.096604,-217.438808,-289.139494,-217.948549,-283.029523
-220.497256,-304.923584,-221.261868,-356.603752,-220.242385,-370.096604,-221.006997,-293.467389,-221.261868,-290.157822
-223.810574,-311.033555,-223.300833,-360.167901,-222.026479,-372.387843,-223.045962,-298.813614,-222.026479,-296.267793
-226.359280,-316.125197,-226.869021,-363.222887,-225.594668,-375.188246,-226.359280,-304.669002,-226.104409,-305.178166
-228.907986,-321.726003,-228.143375,-365.768708,-227.123892,-376.461156,-228.653116,-311.542719,-228.143375,-310.524391
-230.946951,-327.835974,-231.456693,-367.805365,-230.692081,-379.516142,-232.476175,-316.379779,-230.692081,-320.198511
-234.770011,-334.200527,-233.495658,-371.114932,-232.731046,-381.552798,-233.495658,-324.017242,-232.985916,-325.035571
-236.808976,-339.801333,-236.808976,-372.897007,-235.534623,-386.135276,-237.318717,-330.636377,-236.299235,-334.200527
-239.357682,-345.402139,-237.828458,-377.224903,-238.338200,-387.408187,-238.847941,-337.255512,-238.593070,-339.292169
-241.396647,-350.239199,-241.651518,-379.516142,-240.122294,-394.536486,-241.906389,-343.874647,-240.886906,-348.202542
-244.964836,-355.076259,-244.455095,-382.571127,-243.435612,-395.809396,-244.455095,-350.239199,-244.455095,-353.803349
-246.494060,-359.658737,-247.003801,-385.626112,-245.474577,-402.683113,-247.768413,-356.858334,-246.748930,-360.931648
-250.062249,-363.986633,-249.807378,-388.681097,-248.787896,-405.738099,-249.552507,-361.695394,-249.042766,-368.314529
-252.356084,-368.314529,-252.356084,-391.990665,-251.081731,-412.102651,-251.591472,-368.314529,-252.101214,-373.660753
-254.395049,-373.406171,-255.159661,-395.045650,-254.140179,-416.685129,-255.414532,-372.387843,-254.649920,-381.552798
-258.218109,-377.479485,-257.453497,-400.137292,-255.669403,-422.285936,-256.688885,-377.224903,-256.434014,-386.644441
-259.492462,-381.807381,-260.511944,-404.465188,-259.237591,-427.632160,-260.766815,-381.552798,-260.002203,-395.300232
-262.805780,-383.844037,-262.041168,-411.084323,-261.276556,-433.742130,-262.550910,-387.662769,-262.041168,-400.137292
-264.844745,-389.699426,-265.354486,-417.448876,-264.589875,-438.833773,-264.335004,-394.281904,-264.844745,-409.047666
-268.412934,-393.518157,-267.903193,-422.795100,-266.883710,-442.907086,-268.158063,-399.628128,-267.903193,-412.866398
-270.451899,-398.609800,-270.451899,-429.668817,-269.687287,-448.762475,-270.706770,-407.774755,-270.197028,-421.522189
-273.255476,-405.228934,-273.000605,-435.778787,-271.981123,-449.271639,-273.255476,-413.630144,-273.000605,-426.868414
-275.804182,-412.611816,-276.059053,-441.888758,-274.529829,-455.381610,-275.549312,-420.758443,-275.549312,-432.978384
-279.117500,-419.485532,-278.352889,-446.471236,-277.078535,-456.909102,-278.862630,-426.868414,-278.098018,-439.342937
-280.136983,-426.359249,-281.156465,-451.817460,-279.882112,-462.255326,-280.646724,-433.996713,-280.391854,-445.707489
-283.450301,-433.232966,-283.705172,-454.872445,-282.940560,-463.273655,-284.214913,-440.615847,-283.450301,-452.072042
-286.253878,-440.106683,-285.234396,-460.473252,-285.744137,-467.856133,-286.253878,-447.234982,-285.999007,-457.927431
-289.057455,-447.234982,-289.567196,-462.000744,-288.292843,-469.129043,-289.567196,-452.581206,-289.057455,-465.564894
-292.115903,-453.599535,-291.351291,-465.310312,-290.076938,-471.674864,-291.096420,-459.200341,-291.351291,-471.165700
-293.390256,-458.436595,-294.154868,-466.837804,-293.135385,-474.475268,-294.919479,-463.782819,-294.409738,-478.293999
-297.213315,-463.019073,-296.448703,-470.656536,-295.684091,-476.511924,-296.448703,-469.892790,-295.684091,-484.149388
-299.252280,-468.619879,-300.271763,-474.220685,-299.507151,-481.348984,-299.762021,-477.275671,-299.762021,-490.768522
-302.310728,-470.911118,-301.546116,-475.493596,-300.781504,-486.695209,-302.310728,-482.621895,-301.546116,-496.369329
-304.604563,-478.039417,-305.114305,-480.585238,-304.604563,-489.241030,-304.604563,-488.731866,-304.859434,-502.224717
-307.917882,-482.112731,-306.898399,-486.440627,-306.133787,-496.623911,-307.153270,-495.096418,-306.898399,-508.843852
-309.701976,-490.004776,-310.721459,-492.296015,-309.701976,-502.988464,-310.466588,-502.733881,-310.211717,-513.935494
-313.015294,-496.369329,-312.250682,-497.387657,-311.740941,-511.135091,-313.015294,-507.061777,-312.250682,-520.300047
-314.799389,-503.497628,-315.564000,-506.043449,-314.289647,-518.008808,-315.054259,-514.953823,-311.231200,-524.118778
-312.760424,-501.460971,-311.486070,-502.224717,-312.760424,-521.063793,-311.995812,-510.625927,-307.663011,-516.481315
-308.172752,-493.314343,-308.427623,-497.642239,-310.211717,-512.153419,-308.172752,-504.770538,-304.859434,-509.862180
-306.388658,-486.186044,-305.878917,-487.968119,-307.408140,-505.788867,-306.133787,-496.114747,-301.546116,-502.224717
-302.565598,-477.275671,-302.820469,-483.385641,-303.839952,-497.642239,-302.310728,-489.750194,-299.507151,-496.114747
-299.762021,-472.693193,-299.252280,-477.530253,-300.526633,-491.023105,-300.016892,-481.603567,-295.174350,-487.458955
-296.448703,-466.074058,-296.703574,-473.711521,-297.723056,-485.167716,-295.429221,-474.729850,-292.625644,-481.603567
-293.645126,-463.019073,-293.390256,-469.129043,-293.645126,-479.821492,-293.645126,-468.365297,-289.822067,-472.184029
-290.331808,-454.872445,-290.076938,-467.346969,-291.606161,-476.511924,-290.076938,-462.509909,-286.508749,-468.110715
-287.273361,-450.289967,-287.528231,-463.528237,-288.547714,-473.202357,-288.037972,-454.872445,-283.450301,-457.927431
-284.469784,-441.634176,-283.705172,-457.927431,-285.744137,-470.147372,-284.214913,-446.980400,-280.901595,-453.854117
-281.156465,-435.778787,-281.666207,-456.399938,-282.430819,-466.583222,-282.175948,-441.634176,-278.098018,-443.925415
-279.117500,-427.377578,-277.588277,-450.035385,-279.627242,-464.801147,-277.843147,-432.469220,-274.529829,-439.342937
-275.294441,-419.485532,-275.549312,-445.962072,-276.823665,-460.982416,-275.549312,-426.104667,-272.490864,-430.687145
-271.981123,-412.357233,-271.981123,-438.833773,-273.765217,-458.182013,-272.235993,-417.703458,-268.922675,-425.086339
-269.432417,-403.956024,-270.706770,-433.487548,-271.216511,-451.308296,-269.687287,-411.338905,-266.119098,-415.921383
-267.393451,-397.591471,-266.373969,-425.850085,-267.138581,-450.035385,-266.628840,-402.937695,-263.315521,-409.302248
-263.825263,-390.717754,-264.335004,-419.485532,-265.354486,-443.670833,-264.080133,-395.554814,-260.511944,-402.428531
-260.766815,-387.408187,-260.002203,-412.102651,-262.041168,-440.361265,-261.021686,-388.171933,-257.198626,-394.027322
-258.218109,-381.298216,-257.963238,-404.974352,-259.237591,-433.742130,-257.708368,-382.571127,-254.649920,-387.153605
-255.414532,-377.988649,-255.159661,-400.646456,-255.414532,-428.905070,-255.669403,-376.206574,-251.846343,-379.516142
-252.356084,-373.406171,-251.846343,-396.063979,-253.630437,-423.049682,-251.591472,-371.369514,-248.533025,-373.406171
-249.807378,-369.332857,-249.297637,-391.481501,-249.552507,-416.685129,-248.787896,-366.277872,-245.984319,-365.004961
-246.239189,-363.732051,-246.494060,-388.935680,-247.258672,-410.575159,-245.729448,-359.404155,-243.690483,-358.385827
-243.435612,-360.167901,-243.435612,-383.589455,-244.964836,-405.483517,-243.435612,-354.057931,-239.357682,-350.493781
-240.632035,-353.548767,-241.141777,-382.061963,-241.906389,-399.373546,-240.632035,-346.675050,-238.338200,-344.129229
-237.828458,-347.693378,-237.828458,-377.479485,-238.847941,-395.809396,-238.338200,-339.292169,-234.260270,-335.728019
-235.279752,-342.092572,-235.024882,-375.188246,-236.044364,-389.444844,-234.515140,-332.418452,-231.711563,-327.835974
-231.966434,-335.728019,-231.711563,-371.624096,-233.240787,-386.899023,-232.476175,-325.290153,-228.398245,-319.943929
-229.162857,-329.618049,-229.417728,-368.823693,-230.182340,-381.807381,-228.907986,-318.925600,-226.869021,-312.306465
-226.104409,-322.998914,-226.359280,-363.986633,-227.633633,-380.025306,-226.614151,-310.269808,-222.791091,-304.414420
-223.810574,-316.634361,-223.555703,-362.713723,-225.084927,-376.715738,-223.045962,-305.178166,-220.497256,-297.031539
-221.006997,-310.524391,-221.006997,-357.622080,-221.516738,-374.679082,-221.261868,-296.267793,-217.693679,-289.394076
-217.948549,-304.669002,-218.713161,-356.094588,-219.222902,-373.151589,-217.438808,-292.449061,-215.144972,-280.992866
-215.399843,-301.868599,-214.890102,-350.493781,-216.164455,-370.860350,-215.654714,-286.593672,-211.576784,-273.609985
-212.596266,-293.721971,-212.086525,-348.457125,-213.615749,-367.805365,-211.831654,-282.774941,-209.792689,-265.208775
-209.537819,-291.939897,-209.792689,-341.328826,-210.047560,-366.277872,-210.047560,-277.683299,-205.969630,-256.552984
-206.734242,-285.829926,-205.969630,-335.218855,-208.008595,-362.968305,-206.224500,-273.100821,-203.930665,-248.915521
-204.185535,-284.302433,-204.440406,-329.363466,-203.930665,-360.422484,-203.930665,-268.518343,-200.872217,-239.241401
-201.636829,-279.974538,-200.617347,-322.998914,-202.911182,-356.094588,-201.127088,-261.644626,-198.833252,-232.113102
-197.558899,-279.210791,-198.578381,-316.379779,-199.088123,-353.548767,-198.578381,-255.280073,-195.010193,-221.929817
-196.539416,-275.392060,-195.519934,-308.996898,-197.049158,-346.929632,-195.010193,-246.369700,-193.480969,-214.801518
-192.461486,-271.827910,-193.480969,-305.178166,-193.480969,-342.347154,-192.971228,-240.005147,-189.912780,-204.363652
-190.422521,-268.009179,-189.403039,-299.831942,-191.696874,-334.709691,-190.167651,-232.622266,-187.364074,-197.999099
-187.109203,-264.445029,-187.873815,-295.249464,-187.873815,-327.835974,-187.109203,-225.493967,-184.050756,-186.797486
-185.325109,-259.353387,-184.560497,-291.939897,-186.344591,-321.471421,-184.305626,-219.893160,-182.776402,-178.905441
-181.247179,-251.206760,-181.247179,-289.648658,-182.776402,-313.070212,-181.756920,-214.546936,-178.188731,-168.976739
-178.953343,-246.624282,-178.698472,-286.084508,-180.737437,-308.742316,-179.208214,-209.455294,-176.404637,-160.575529
-175.894895,-237.968490,-177.169249,-285.066180,-176.914378,-303.141509,-176.149766,-203.345323,-173.346189,-150.392245
-173.855930,-232.367684,-173.091319,-282.265777,-174.620542,-298.559031,-173.601060,-200.290338,-171.307224,-141.991036
-171.052353,-224.730220,-171.052353,-280.992866,-171.307224,-295.249464,-170.797483,-196.980771,-168.248777,-131.553169
-168.503647,-218.365668,-168.503647,-278.447045,-169.268259,-291.685315,-167.993906,-192.907457,-165.700070,-124.170288
-165.190329,-212.001115,-165.190329,-274.882896,-166.209812,-288.121165,-164.935458,-190.107054,-162.896493,-114.241586
-163.151364,-205.381980,-162.896493,-274.628313,-164.170846,-286.848255,-162.641623,-187.815815,-160.602658,-106.604123
-160.347787,-204.618234,-159.838046,-270.300418,-160.347787,-286.339090,-159.328305,-185.269994,-157.034469,-95.657092
-157.034469,-199.272010,-157.289339,-271.064164,-158.563693,-283.538687,-157.799081,-181.705844,-154.230892,-91.329196
-154.485763,-197.235353,-154.230892,-264.445029,-155.250374,-282.265777,-153.721151,-176.359620,-152.191927,-77.836345
-152.191927,-193.671203,-152.191927,-260.880880,-152.956539,-278.701627,-151.937056,-173.813799,-149.388350,-72.235538
-148.623738,-193.925785,-149.133479,-253.752581,-149.643221,-278.956209,-148.623738,-166.685500,-146.329902,-59.761015
-146.584773,-190.616218,-146.584773,-248.151774,-148.623738,-273.609985,-146.839644,-158.793455,-144.036067,-57.215194
-144.036067,-189.852472,-143.781196,-241.532639,-144.545808,-273.609985,-143.016584,-152.938066,-141.232490,-45.504417
-140.977619,-186.542904,-140.977619,-232.367684,-141.997102,-270.300418,-141.997102,-143.518528,-138.174042,-38.376118
-138.428913,-185.524576,-138.174042,-229.567280,-139.448395,-267.500014,-137.664301,-139.190632,-135.370465,-35.321133
-135.625336,-180.432934,-135.625336,-220.911489,-136.644818,-264.445029,-135.880207,-128.498184,-133.331500,-29.974908
-132.821759,-179.160023,-133.331500,-216.583593,-133.331500,-260.626298,-132.312018,-126.206945,-130.018182,-29.465744
-129.508441,-174.068381,-130.273053,-209.709876,-131.292535,-257.825894,-130.782794,-119.333228,-127.724346,-23.355774
-127.724346,-170.758814,-127.214605,-208.182383,-128.488958,-250.952177,-127.214605,-117.551153,-125.175640,-25.137848
-124.411028,-166.430918,-125.430511,-204.109070,-125.685381,-249.679267,-124.920770,-113.477840,-122.117193,-19.027878
-122.626934,-161.593858,-121.607451,-201.563249,-123.391546,-240.259729,-122.117193,-109.659108,-120.333098,-21.828281
-119.568486,-157.520544,-120.333098,-199.272010,-120.842839,-238.223072,-119.568486,-108.386197,-116.764909,-18.009549
-117.529521,-151.919738,-116.255168,-197.235353,-118.039263,-229.058116,-116.764909,-105.840376,-114.980815,-20.046206
-113.196721,-148.355588,-114.725944,-195.453278,-115.235686,-225.748549,-113.961332,-103.803720,-111.922367,-17.500385
-112.177238,-143.009364,-110.902885,-192.907457,-112.432109,-217.601921,-111.412626,-100.494152,-109.883402,-17.245803
-108.354179,-138.936050,-109.373661,-192.398293,-110.138273,-214.546936,-108.863920,-100.494152,-106.060343,-15.972893
-106.570084,-132.826080,-105.550602,-188.324979,-107.844437,-208.182383,-105.805472,-95.657092,-104.531119,-15.718310
-103.256766,-127.989020,-104.021378,-187.815815,-104.531119,-204.363652,-103.511637,-94.638764,-101.472672,-15.718310
-102.237283,-123.915706,-100.708060,-184.251665,-101.982413,-197.999099,-100.708060,-92.347525,-98.923965,-14.699982
-97.649612,-119.078646,-98.159353,-184.251665,-98.923965,-193.162039,-98.669095,-91.329196,-95.355776,-13.427071
-96.375259,-115.259914,-95.865518,-179.923770,-97.139871,-190.361636,-95.610647,-87.255883,-94.336294,-13.427071
-93.316811,-111.441183,-93.316811,-179.923770,-94.081423,-186.033740,-92.807070,-86.746718,-90.258364,-12.663325
-90.513235,-108.131615,-90.003493,-177.377948,-91.277846,-183.997083,-90.003493,-81.400494,-88.474269,-12.154161
-87.454787,-105.585794,-87.964528,-176.105038,-88.984011,-180.687516,-87.454787,-79.363837,-85.160951,-10.881250
-85.925563,-102.785391,-85.160951,-172.540888,-85.415822,-177.123366,-85.160951,-74.526777,-83.376857,-12.663325
-82.612245,-101.512481,-82.357374,-164.648843,-83.376857,-173.813799,-81.847633,-69.944299,-79.553797,-11.644997
-80.063539,-101.003316,-79.808668,-165.921754,-81.083021,-168.467575,-80.063539,-64.852657,-78.279444,-12.408743
-77.005091,-98.712077,-77.514832,-157.011380,-78.534315,-164.903425,-76.240479,-58.997269,-74.201514,-9.099176
-74.711255,-98.966659,-74.456385,-154.974723,-75.475867,-157.520544,-74.711255,-54.669373,-72.672290,-12.408743
-72.162549,-95.402510,-71.907679,-145.809767,-73.436902,-153.701813,-72.162549,-50.086895,-69.358972,-10.372086
-68.594360,-93.875017,-69.104102,-142.754782,-70.378455,-143.518528,-69.358972,-41.685685,-67.320007,-11.644997
-66.045654,-92.092943,-66.810266,-132.826080,-67.574878,-139.445215,-66.045654,-38.885282,-64.516430,-9.353758
-64.006689,-89.547121,-63.496948,-127.989020,-65.281042,-130.025677,-64.261560,-31.247819,-62.477465,-10.881250
-61.967724,-87.001300,-60.948241,-120.096974,-62.477465,-125.697781,-60.438500,-31.502401,-59.419018,-8.844594
-58.144665,-81.400494,-59.164147,-113.477840,-59.928759,-117.041989,-58.909276,-24.628684,-56.615441,-10.372086
-56.105700,-78.600091,-55.341088,-108.640780,-57.125182,-111.695765,-55.595958,-24.374102,-53.556993,-9.862922
-53.556993,-74.017613,-54.321605,-102.276227,-54.321605,-105.585794,-53.302123,-19.537042,-51.772899,-9.862922
-51.518028,-69.944299,-50.753416,-99.475824,-51.772899,-100.239570,-50.753416,-20.046206,-48.969322,-9.353758
-47.694969,-65.361821,-48.459581,-94.129599,-49.988804,-94.384182,-48.204710,-19.027878,-46.420616,-9.862922
-46.165745,-60.270179,-45.401133,-91.329196,-46.165745,-87.255883,-45.656004,-15.718310,-44.126780,-9.099176
-42.597556,-55.942283,-43.362168,-84.964644,-44.126780,-80.891330,-42.852427,-16.991221,-41.068332,-8.844594
-40.558591,-50.086895,-39.793979,-81.655076,-41.068332,-74.017613,-40.303720,-13.936236,-38.264755,-8.590011
-37.500144,-46.522745,-37.755014,-75.545106,-39.539109,-67.398478,-37.245273,-16.736639,-36.480661,-8.844594
-35.716049,-40.667357,-34.951437,-69.944299,-35.461179,-60.015597,-34.696567,-11.899579,-33.422213,-8.844594
-32.402731,-37.357790,-32.912472,-63.834329,-33.931955,-53.141880,-32.402731,-13.427071,-30.618637,-7.826265
-30.363766,-32.775312,-29.344283,-57.215194,-31.128378,-46.013581,-29.599154,-11.135832,-28.834542,-8.590011
-26.540706,-27.683669,-27.560189,-51.105223,-28.579672,-38.630700,-27.050448,-13.427071,-25.266353,-7.826265
-25.011483,-25.137848,-24.501741,-42.704014,-26.030965,-33.284476,-25.011483,-10.626668,-23.737130,-8.844594
-22.462776,-21.573699,-21.698165,-39.139864,-23.227388,-26.410759,-21.188423,-11.644997,-20.423811,-7.826265
-19.659199,-19.282460,-19.149458,-31.502401,-20.423811,-24.119520,-19.914070,-9.862922,-18.129976,-8.590011
-16.345881,-16.227475,-17.110493,-28.447416,-17.365364,-18.518714,-16.345881,-10.372086,-14.816658,-8.590011
-14.306916,-16.227475,-13.797175,-22.337445,-15.326399,-18.009549,-14.816658,-9.608340,-13.287434,-7.826265
-11.758210,-10.626668,-11.758210,-18.264131,-12.522822,-15.463728,-10.993598,-10.372086,-9.464374,-8.080847
-8.954633,-11.899579,-8.954633,-14.954564,-9.974116,-12.663325,-9.719245,-8.844594,-7.935150,-7.826265
-6.915668,-8.844594,-5.896185,-11.644997,-7.680280,-10.881250,-5.896185,-9.099176,-4.366962,-7.826265
-4.112091,-9.353758,-4.366962,-7.826265,-5.131574,-8.590011,-3.857220,-8.844594,-2.582867,-6.807937
-1.053643,-6.298772,-0.798773,-3.243787,-1.818255,-7.317101,-1.308514,-7.317101,1.240192,-8.335429
1.749933,-6.298772,0.985322,-0.697966,0.475580,-5.535026,1.749933,-8.080847,2.259675,-7.062519
3.788898,-5.789608,4.298640,5.412004,2.769416,-3.498369,4.298640,-5.789608,5.318122,-7.826265
7.357087,-4.262116,6.337605,7.957826,5.063252,-0.443384,6.847346,-7.826265,8.376570,-8.080847
8.886311,-2.225459,9.905794,14.067796,7.866829,2.357019,8.631440,-5.789608,10.670405,-7.826265
12.199629,1.084109,11.180147,18.650274,10.925276,6.684915,12.454500,-7.571683,12.454500,-7.826265
14.493465,-0.443384,14.748336,24.760245,13.473982,7.703243,14.493465,-5.025862,16.022689,-6.298772
17.297042,6.175751,17.551912,30.106469,15.512947,13.813214,17.297042,-6.553355,18.061654,-8.080847
19.081136,3.375348,19.845748,36.725604,19.081136,16.868199,19.336007,-5.535026,20.865231,-4.771280
22.649325,11.267393,21.629843,42.071828,20.865231,22.723588,22.394454,-5.789608,24.178549,-7.826265
24.178549,9.994482,25.452902,49.200127,24.433419,27.306066,24.433419,-5.025862,26.217514,-4.516698
28.001608,17.631946,26.982126,56.073844,25.962643,33.925200,28.001608,-2.734623,28.766220,-8.080847
29.275961,17.631946,30.040573,60.401740,30.295444,39.526007,29.785703,-4.262116,31.569797,-4.516698
32.589280,24.505663,33.099021,64.729635,31.314926,46.654306,32.844150,-1.461712,33.863633,-8.080847
35.137986,29.088140,35.137986,69.821278,34.628245,53.528023,34.883115,-4.262116,36.157468,-6.298772
38.451304,35.452693,37.686692,73.130845,37.431822,59.892575,37.941563,1.338691,39.215916,-7.571683
39.980528,42.071828,40.490269,77.204159,39.470787,69.566695,40.235399,-2.989205,42.019493,-6.298772
42.784105,47.672634,43.293846,79.749980,42.019493,73.894591,43.803587,2.866183,44.823070,-5.789608
45.842552,54.037187,45.332811,84.587040,45.077940,83.823293,46.097423,-1.970877,46.607164,-6.298772
48.136388,57.855919,49.155871,87.642025,47.626647,89.169518,48.901000,4.902840,49.920482,-5.280444
50.939965,62.183814,50.175353,92.988249,49.920482,98.079891,51.194836,0.574944,51.449706,-6.553355
53.488671,67.530039,53.743542,97.061563,52.469189,104.953608,53.743542,7.703243,55.017895,-5.025862
55.782507,70.075860,55.782507,104.189862,55.017895,113.863982,56.292248,8.721572,56.801989,-6.553355
59.095825,72.621681,59.095825,107.499429,57.566601,121.501445,59.095825,11.267393,59.605566,-4.771280
60.879920,73.894591,60.879920,114.373146,60.625049,128.884326,61.389661,14.322378,61.644531,-7.062519
63.428626,77.713323,63.938367,119.464789,63.173755,134.994297,64.193238,17.122781,64.957850,-4.771280
66.996815,78.222487,66.232203,125.574759,64.702979,140.849686,66.487073,21.196095,67.251685,-5.789608
68.780909,81.277472,69.290650,130.157237,68.526038,145.941328,69.035780,24.251080,70.310133,-5.025862
71.839357,81.786637,71.584486,135.758043,70.565003,151.032970,72.349098,28.578976,72.858839,-4.771280
73.623451,83.823293,74.388063,140.595103,73.623451,153.833373,73.878322,32.652290,75.152675,-4.007533
76.681899,85.096204,76.936769,144.413835,74.642934,158.161269,77.701381,36.725604,77.956252,-1.970877
79.740346,86.878279,79.485475,149.760059,78.975734,158.415851,78.720864,41.817246,80.759829,-4.007533
82.289052,88.405771,82.289052,151.796716,80.504958,164.780404,82.543923,46.145142,83.053664,-2.480041
84.328017,89.933264,84.073147,155.360866,84.073147,164.780404,84.073147,52.255112,84.837759,-2.734623
87.131594,92.733667,87.896206,157.397522,85.857241,168.853717,87.131594,55.055515,88.915689,-2.480041
89.680301,95.024906,89.425430,160.961672,88.151077,170.126628,89.425430,59.128829,89.935171,-2.989205
91.974136,97.570727,92.993619,164.016657,91.464395,173.436195,92.738748,62.947561,93.503360,-1.461712
94.522843,99.607384,94.013101,166.053314,94.013101,175.472852,95.032584,66.511710,95.542325,-0.952548
96.816678,105.717355,97.836161,168.344553,96.561808,177.509509,97.581290,70.839606,98.600773,-3.243787
100.639738,106.226519,99.620255,170.381210,99.110514,180.055330,100.129996,72.621681,99.875126,2.866183
102.168962,113.609400,103.188444,172.927031,101.659220,183.110315,102.168962,77.204159,103.953056,-1.461712
105.227409,114.118564,105.482280,173.436195,104.207927,186.165301,105.737150,80.004562,105.737150,4.648258
107.776115,120.483117,108.030986,177.254927,106.501762,187.183629,107.266374,82.804965,108.795598,-1.461712
110.324822,123.538102,110.324822,176.236598,108.795598,191.002361,110.834563,83.823293,111.344304,5.666587
112.618657,129.648073,112.873528,180.564494,112.618657,193.802764,112.363787,87.896607,114.147881,-1.207130
115.167364,134.994297,115.677105,178.273255,113.638140,199.403570,115.677105,88.405771,115.931976,6.175751
117.970941,140.340521,117.970941,182.601151,117.461199,200.931063,117.716070,92.224503,118.990423,-0.443384
120.774517,146.195910,121.539129,181.582823,119.245294,210.096019,120.774517,92.988249,121.539129,7.957826
123.578094,149.505477,123.068353,184.128644,122.048871,211.114347,122.558612,97.316145,123.578094,2.357019
125.617059,155.870030,126.381671,186.929047,124.342706,219.260975,125.871930,100.116548,127.401154,10.503647
128.420636,158.415851,128.420636,190.747779,127.910895,224.352617,128.420636,106.226519,128.165766,12.285721
130.204731,162.489165,131.733955,193.293600,129.440119,229.698841,130.969343,111.318161,131.988825,17.886528
134.282661,166.817060,132.753437,200.421899,132.498566,235.808811,133.772920,117.428132,133.263178,23.232752
135.811885,168.089971,136.066755,208.823108,135.047273,239.882125,135.047273,124.811013,136.831367,25.269409
138.870332,171.144956,138.870332,211.368929,137.850850,246.755842,138.870332,129.138909,137.850850,33.925200
140.654427,173.436195,141.164168,220.279303,140.144685,247.265006,140.909297,137.285536,141.928780,36.471022
143.967745,175.218270,143.458004,224.861781,143.458004,253.374977,144.477486,141.613432,143.712874,45.635977
146.516451,176.491181,146.516451,231.480916,145.242098,256.429962,145.751839,146.959656,147.026192,48.181798
148.300545,179.800748,148.555416,237.336304,147.790804,260.248694,149.065157,152.051298,148.555416,58.365083
152.123605,180.309912,151.104122,242.173364,151.104122,261.267022,151.613864,154.087955,151.613864,64.475053
153.143087,184.383226,154.417441,248.792499,152.123605,263.049097,153.907699,159.943344,153.652829,71.603352
156.201535,185.656136,155.946664,250.319992,155.946664,264.067425,156.711276,163.507493,157.221018,81.532055
158.495371,190.238614,159.259983,255.666216,157.475888,265.340336,158.495371,167.580807,159.259983,86.878279
162.063559,192.784435,161.553818,254.902470,161.044077,266.104082,162.063559,170.635792,161.298948,97.061563
163.337913,198.894406,164.612266,260.757858,162.318430,268.140739,163.847654,175.218270,165.122007,103.935280
167.160972,202.967720,166.396360,258.975783,165.886619,269.668232,167.415843,177.764091,166.396360,113.354818
168.690196,208.823108,168.945066,263.558261,167.670713,270.941142,168.435325,181.837405,169.709678,121.501445
171.748643,215.442243,171.493773,263.558261,170.474290,274.250710,172.003514,184.383226,171.238902,131.175565
174.042479,220.279303,174.042479,266.104082,173.277867,275.523620,174.297350,186.674465,175.061962,138.813029
176.591185,229.189677,178.120409,267.376993,175.316832,280.360680,176.591185,191.766107,176.081444,147.214238
179.139892,232.244662,179.139892,269.668232,178.120409,282.651919,179.649633,195.075674,179.904504,157.142940
181.688598,239.882125,181.943469,270.686560,180.414245,288.507308,182.453210,200.931063,181.688598,164.780404
185.001916,243.700857,183.727563,273.486963,183.727563,291.307711,184.747046,206.022705,183.982434,175.218270
186.021399,248.283335,187.550622,278.324023,185.511657,297.672264,186.786011,216.205989,186.786011,181.073658
189.844458,252.102066,189.334717,278.578605,188.060364,302.254741,189.844458,220.788467,189.589587,191.002361
191.628553,255.157052,191.883423,285.706904,190.609070,308.364712,191.373682,229.698841,192.138294,197.876078
194.432129,257.957455,194.432129,284.179412,193.922388,314.220101,195.196741,235.554229,194.177259,207.041033
196.980836,259.994112,197.235706,292.326039,195.961353,319.820907,197.745448,241.409618,197.745448,213.405586
199.274671,265.085754,199.529542,292.326039,198.764930,327.203788,199.784413,249.556245,199.274671,222.315960
202.333119,266.104082,201.823378,300.218085,200.803895,328.985863,201.823378,253.374977,202.587990,229.698841
204.626955,271.195724,205.136696,302.509324,203.607472,335.604998,205.136696,258.212037,204.372084,237.081722
207.430532,270.941142,206.411049,308.619294,206.156178,335.859580,207.175661,260.757858,207.685402,245.482932
209.214626,276.287367,209.724367,312.692608,207.940273,340.951222,209.724367,265.594918,209.214626,252.865813
212.782815,276.796531,212.273074,318.038832,211.253591,342.733297,213.037685,270.177396,212.527944,258.721201
214.566909,282.397337,214.821780,326.949206,214.057168,346.552028,214.312039,274.250710,214.312039,266.104082
