0_x,0_y,1_x,1_y,2_x,2_y,3_x,3_y,4_x,4_y,5_x,5_y,6_x,6_y,7_x,7_y
120.264776,1062.182331,122.303741,1062.182331,121.539129,1062.182331,120.009906,1062.182331,120.519647,1062.182331,122.558612,1062.182331,121.794000,1062.182331,122.303741,1062.182331
123.323224,1062.182331,124.342706,1062.182331,124.597577,1062.182331,120.774517,1062.182331,122.303741,1062.182331,125.362189,1062.182331,123.832965,1062.182331,125.107318,1062.182331
125.362189,1062.182331,127.656024,1062.182331,126.126801,1062.182331,124.597577,1062.182331,124.852448,1062.182331,127.401154,1062.182331,126.891413,1062.182331,128.165766,1062.182331
127.401154,1062.182331,129.440119,1062.182331,128.675507,1062.182331,126.891413,1062.182331,127.910895,1062.182331,129.949860,1062.182331,129.185248,1062.182331,129.440119,1062.182331
130.714472,1062.182331,132.243696,1062.182331,132.243696,1062.182331,129.440119,1062.182331,129.440119,1062.182331,132.753437,1062.182331,131.479084,1062.182331,133.008308,1062.182331
132.753437,1062.182331,135.557014,1062.182331,133.518049,1062.182331,131.733955,1062.182331,133.263178,1062.182331,135.047273,1062.182331,134.027790,1062.182331,134.537531,1062.182331
135.302143,1062.182331,137.341108,1062.182331,136.831367,1062.182331,134.282661,1062.182331,135.302143,1062.182331,137.595979,1062.182331,135.811885,1062.182331,137.595979,1062.182331
138.615462,1062.182331,139.634944,1062.182331,139.634944,1062.182331,137.086238,1062.182331,137.341108,1062.182331,139.889815,1062.182331,138.870332,1062.182331,139.889815,1062.182331
140.399556,1062.182331,142.693392,1062.182331,141.164168,1062.182331,138.870332,1062.182331,140.144685,1062.182331,142.948262,1062.182331,141.419038,1062.182331,142.948262,1062.182331
142.693392,1062.182331,144.222615,1062.182331,143.967745,1062.182331,142.438521,1062.182331,142.948262,1062.182331,144.477486,1062.182331,144.987227,1062.182331,144.987227,1062.182331
144.987227,1062.182331,147.790804,1062.182331,147.281063,1062.182331,144.477486,1062.182331,145.496969,1062.182331,148.555416,1062.182331,146.006710,1062.182331,147.281063,1062.182331
148.810287,1062.182331,149.829769,1062.182331,148.810287,1062.182331,146.771322,1062.182331,147.281063,1062.182331,150.084640,1062.182331,150.084640,1062.182331,150.339511,1062.182331
150.084640,1062.182331,151.358993,1062.182331,151.358993,1062.182331,149.574899,1062.182331,150.594381,1062.182331,152.888217,1062.182331,151.613864,1062.182331,152.123605,1062.182331
153.652829,1062.182331,155.436923,1062.182331,154.417441,1062.182331,152.378476,1062.182331,152.378476,1062.182331,155.182052,1062.182331,154.672311,1062.182331,155.691794,1062.182331
155.182052,1062.182331,157.475888,1062.182331,155.946664,1062.182331,154.927182,1062.182331,155.436923,1062.182331,157.475888,1062.182331,156.456406,1062.182331,157.730759,1062.182331
157.985629,1062.182331,159.769724,1062.182331,159.514853,1062.182331,157.221018,1062.182331,158.495371,1062.182331,160.534336,1062.182331,160.024594,1062.182331,161.298948,1062.182331
161.044077,1062.182331,162.318430,1062.182331,161.808689,1062.182331,159.259983,1062.182331,159.769724,1062.182331,163.083042,1062.182331,161.553818,1062.182331,162.318430,1062.182331
163.337913,1062.182331,164.867136,1062.182331,163.592783,1062.182331,162.573301,1062.182331,162.573301,1062.182331,165.376878,1062.182331,164.357395,1062.182331,165.886619,1062.182331
165.631748,1062.182331,167.415843,1062.182331,166.651231,1062.182331,164.867136,1062.182331,165.376878,1062.182331,167.415843,1062.182331,167.415843,1062.182331,168.435325,1062.182331
168.435325,1062.182331,170.219420,1062.182331,169.964549,1062.182331,167.160972,1062.182331,167.670713,1062.182331,170.984032,1062.182331,169.454808,1062.182331,169.964549,1062.182331
170.984032,1062.182331,172.513255,1062.182331,171.238902,1062.182331,169.709678,1062.182331,170.474290,1062.182331,172.258385,1062.182331,171.493773,1062.182331,173.532738,1062.182331
173.277867,1062.182331,175.571703,1062.182331,174.552220,1062.182331,172.003514,1062.182331,172.513255,1062.182331,175.571703,1062.182331,174.297350,1062.182331,175.061962,1062.182331
175.826573,1062.182331,177.355797,1062.182331,177.100927,1062.182331,175.061962,1062.182331,175.571703,1062.182331,177.865539,1062.182331,177.355797,1062.182331,178.375280,1062.182331
178.630150,1062.182331,180.414245,1062.182331,179.649633,1062.182331,177.355797,1062.182331,178.120409,1062.182331,180.923986,1062.182331,179.139892,1062.182331,179.904504,1062.182331
181.178857,1062.182331,183.472692,1062.182331,181.943469,1062.182331,179.904504,1062.182331,180.414245,1062.182331,183.472692,1062.182331,182.453210,1062.182331,183.472692,1062.182331
182.708080,1062.182331,184.237304,1062.182331,183.982434,1062.182331,182.198339,1062.182331,183.727563,1062.182331,185.766528,1062.182331,184.237304,1062.182331,185.256787,1062.182331
186.531140,1062.182331,188.060364,1062.182331,187.295752,1062.182331,184.492175,1062.182331,185.256787,1062.182331,188.315234,1062.182331,187.295752,1062.182331,188.060364,1062.182331
188.060364,1062.182331,190.354199,1062.182331,189.589587,1062.182331,188.315234,1062.182331,188.060364,1062.182331,190.099329,1062.182331,189.589587,1062.182331,190.609070,1062.182331
191.628553,1062.182331,192.393164,1062.182331,191.628553,1062.182331,189.844458,1062.182331,191.118811,1062.182331,193.412647,1062.182331,191.883423,1062.182331,192.648035,1062.182331
193.412647,1062.182331,195.961353,1062.182331,194.687000,1062.182331,192.393164,1062.182331,191.628553,1062.182331,195.706483,1062.182331,194.177259,1062.182331,196.216224,1062.182331
196.471094,1062.182331,198.000318,1062.182331,197.235706,1062.182331,195.961353,1062.182331,195.706483,1062.182331,198.255189,1062.182331,197.490577,1062.182331,197.745448,1062.182331
198.510060,1062.182331,200.039283,1062.182331,200.039283,1062.182331,197.490577,1062.182331,198.510060,1062.182331,200.039283,1062.182331,199.784413,1062.182331,200.803895,1062.182331
201.313636,1062.182331,203.607472,1062.182331,202.078248,1062.182331,200.039283,1062.182331,200.039283,1062.182331,204.117213,1062.182331,201.823378,1062.182331,202.587990,1062.182331
203.862343,1062.182331,205.646437,1062.182331,204.626955,1062.182331,202.333119,1062.182331,203.862343,1062.182331,204.881825,1062.182331,205.136696,1062.182331,205.646437,1062.182331
205.391567,1062.182331,207.685402,1062.182331,206.665920,1062.182331,205.136696,1062.182331,205.391567,1062.182331,208.195143,1062.182331,206.920790,1062.182331,207.940273,1062.182331
209.214626,1062.182331,210.998720,1062.182331,209.724367,1062.182331,208.450014,1062.182331,208.195143,1062.182331,210.998720,1062.182331,209.214626,1062.182331,210.488979,1062.182331
210.488979,1062.182331,212.782815,1062.182331,212.527944,1062.182331,209.724367,1062.182331,211.253591,1062.182331,212.782815,1062.182331,212.273074,1062.182331,213.802297,1062.182331
214.057168,1062.182331,215.586392,1062.182331,214.312039,1062.182331,213.292556,1062.182331,212.782815,1062.182331,215.841262,1062.182331,214.566909,1062.182331,214.821780,1062.182331
215.841262,1062.182331,218.135098,1062.182331,217.625357,1062.182331,215.331521,1062.182331,215.841262,1062.182331,218.135098,1062.182331,217.115615,1062.182331,218.899710,1062.182331
219.154581,1062.182331,220.683804,1062.182331,219.409451,1062.182331,218.389969,1062.182331,218.389969,1062.182331,220.683804,1062.182331,219.409451,1062.182331,220.428934,1062.182331
220.938675,1062.182331,223.487381,1062.182331,221.958157,1062.182331,220.174063,1062.182331,220.938675,1062.182331,222.467899,1062.182331,223.232511,1062.182331,222.977640,1062.182331
223.742252,1062.182331,225.526346,1062.182331,225.526346,1062.182331,221.958157,1062.182331,223.487381,1062.182331,226.545829,1062.182331,223.997122,1062.182331,225.526346,1062.182331
226.545829,1062.182331,228.075053,1062.182331,226.800699,1062.182331,225.781217,1062.182331,225.271476,1062.182331,228.329923,1062.182331,227.310441,1062.182331,228.329923,1062.182331
227.820182,1062.182331,230.623759,1062.182331,229.604276,1062.182331,227.820182,1062.182331,229.094535,1062.182331,230.878629,1062.182331,229.859147,1062.182331,230.878629,1062.182331
231.898112,1062.182331,233.427336,1062.182331,232.917595,1062.182331,230.114018,1062.182331,230.623759,1062.182331,233.682206,1062.182331,231.898112,1062.182331,232.662724,1062.182331
233.682206,1062.182331,235.976042,1062.182331,233.937077,1062.182331,233.682206,1062.182331,233.427336,1062.182331,235.466301,1062.182331,234.701689,1062.182331,236.740654,1062.182331
236.230913,1062.182331,238.524748,1062.182331,237.505266,1062.182331,234.956560,1062.182331,236.740654,1062.182331,238.779619,1062.182331,236.995525,1062.182331,237.760136,1062.182331
238.779619,1062.182331,240.818584,1062.182331,240.308843,1062.182331,238.015007,1062.182331,238.269878,1062.182331,241.328325,1062.182331,240.308843,1062.182331,240.818584,1062.182331
241.328325,1062.182331,243.367290,1062.182331,241.838067,1062.182331,240.818584,1062.182331,240.818584,1062.182331,243.877032,1062.182331,241.838067,1062.182331,243.367290,1062.182331
243.877032,1062.182331,245.661126,1062.182331,244.641643,1062.182331,242.602678,1062.182331,243.367290,1062.182331,245.661126,1062.182331,244.641643,1062.182331,246.170867,1062.182331
246.170867,1062.182331,247.954962,1062.182331,247.954962,1062.182331,245.915997,1062.182331,245.661126,1062.182331,248.719574,1062.182331,246.935479,1062.182331,248.719574,1062.182331
249.739056,1062.182331,251.523150,1062.182331,249.229315,1062.182331,247.700091,1062.182331,248.719574,1062.182331,251.013409,1062.182331,249.739056,1062.182331,250.758539,1062.182331
250.503668,1062.182331,253.052374,1062.182331,252.542633,1062.182331,250.503668,1062.182331,250.758539,1062.182331,252.797504,1062.182331,253.052374,1062.182331,254.581598,1062.182331
254.071857,1062.182331,255.855951,1062.182331,255.346210,1062.182331,252.797504,1062.182331,253.816986,1062.182331,256.620563,1062.182331,254.326727,1062.182331,255.601081,1062.182331
255.855951,1062.182331,258.404657,1062.182331,257.894916,1062.182331,255.091339,1062.182331,256.365692,1062.182331,258.404657,1062.182331,258.149787,1062.182331,258.404657,1062.182331
258.914399,1062.182331,260.443623,1062.182331,260.188752,1062.182331,258.659528,1062.182331,258.149787,1062.182331,260.698493,1062.182331,259.933881,1062.182331,261.208234,1062.182331
261.208234,1062.182331,263.502070,1062.182331,262.992329,1062.182331,260.443623,1062.182331,260.698493,1062.182331,263.756941,1062.182331,262.227717,1062.182331,262.737458,1062.182331
264.011811,1062.182331,266.050776,1062.182331,264.521553,1062.182331,262.992329,1062.182331,263.247199,1062.182331,266.305647,1062.182331,265.286164,1062.182331,266.560518,1062.182331
266.560518,1062.182331,268.089741,1062.182331,267.834871,1062.182331,265.795906,1062.182331,266.050776,1062.182331,268.344612,1062.182331,268.089741,1062.182331,268.344612,1062.182331
268.599483,1062.182331,270.893318,1062.182331,270.383577,1062.182331,267.325130,1062.182331,269.109224,1062.182331,271.148189,1062.182331,270.383577,1062.182331,270.383577,1062.182331
272.677413,1062.182331,273.696895,1062.182331,272.167671,1062.182331,270.638448,1062.182331,270.893318,1062.182331,274.206637,1062.182331,272.167671,1062.182331,273.696895,1062.182331
273.696895,1062.182331,275.990731,1062.182331,275.480990,1062.182331,272.677413,1062.182331,273.696895,1062.182331,275.480990,1062.182331,275.480990,1062.182331,275.480990,1062.182331
276.500472,1062.182331,278.794308,1062.182331,278.284567,1062.182331,274.971248,1062.182331,276.245602,1062.182331,278.284567,1062.182331,277.010213,1062.182331,278.794308,1062.182331
279.049178,1062.182331,280.578402,1062.182331,280.068661,1062.182331,278.539437,1062.182331,278.029696,1062.182331,280.833273,1062.182331,279.813790,1062.182331,280.323532,1062.182331
281.597885,1062.182331,283.636850,1062.182331,282.617367,1062.182331,280.323532,1062.182331,281.597885,1062.182331,283.381979,1062.182331,282.872238,1062.182331,283.381979,1062.182331
284.146591,1062.182331,285.675815,1062.182331,284.401462,1062.182331,283.381979,1062.182331,283.636850,1062.182331,286.440427,1062.182331,285.166074,1062.182331,285.675815,1062.182331
286.440427,1062.182331,287.969651,1062.182331,287.459909,1062.182331,285.420944,1062.182331,285.166074,1062.182331,287.969651,1062.182331,287.459909,1062.182331,288.224521,1062.182331
288.989133,1062.182331,291.028098,1062.182331,289.498874,1062.182331,288.479392,1062.182331,288.989133,1062.182331,290.773227,1062.182331,289.753745,1062.182331,291.282969,1062.182331
290.773227,1062.182331,293.576804,1062.182331,292.047581,1062.182331,290.773227,1062.182331,290.518357,1062.182331,293.831675,1062.182331,292.557322,1062.182331,292.812192,1062.182331
294.086546,1062.182331,294.851158,1062.182331,294.851158,1062.182331,292.047581,1062.182331,292.812192,1062.182331,295.360899,1062.182331,294.851158,1062.182331,295.870640,1062.182331
296.890123,1062.182331,298.419346,1062.182331,296.890123,1062.182331,295.615769,1062.182331,296.380381,1062.182331,298.164476,1062.182331,297.654734,1062.182331,298.164476,1062.182331
298.674217,1062.182331,300.203441,1062.182331,299.693699,1062.182331,297.654734,1062.182331,298.164476,1062.182331,299.438829,1062.182331,299.948570,1062.182331,299.438829,1062.182331
301.477794,1062.182331,296.635252,1062.182331,298.929088,1062.182331,299.693699,1062.182331,299.948570,1062.182331,296.890123,1062.182331,296.380381,1062.182331,296.380381,1062.182331
297.144993,1062.182331,294.851158,1062.182331,294.851158,1062.182331,297.909605,1062.182331,296.380381,1062.182331,292.812192,1062.182331,294.851158,1062.182331,292.812192,1062.182331
294.596287,1062.182331,290.263486,1062.182331,291.792710,1062.182331,293.576804,1062.182331,293.576804,1062.182331,290.263486,1062.182331,291.282969,1062.182331,290.518357,1062.182331
290.518357,1062.182331,287.714780,1062.182331,289.244004,1062.182331,291.028098,1062.182331,290.773227,1062.182331,287.969651,1062.182331,287.969651,1062.182331,286.695297,1062.182331
288.224521,1062.182331,285.675815,1062.182331,285.675815,1062.182331,288.479392,1062.182331,286.695297,1062.182331,283.636850,1062.182331,285.166074,1062.182331,283.891720,1062.182331
284.656332,1062.182331,281.597885,1062.182331,282.617367,1062.182331,284.656332,1062.182331,284.911203,1062.182331,281.597885,1062.182331,281.597885,1062.182331,281.597885,1062.182331
281.852755,1062.182331,279.049178,1062.182331,280.578402,1062.182331,282.107626,1062.182331,281.597885,1062.182331,278.539437,1062.182331,279.304049,1062.182331,276.755343,1062.182331
279.558920,1062.182331,275.990731,1062.182331,276.245602,1062.182331,279.558920,1062.182331,278.029696,1062.182331,274.971248,1062.182331,275.480990,1062.182331,275.480990,1062.182331
275.480990,1062.182331,272.932283,1062.182331,273.696895,1062.182331,276.245602,1062.182331,276.245602,1062.182331,272.677413,1062.182331,273.187154,1062.182331,272.422542,1062.182331
273.187154,1062.182331,270.128706,1062.182331,271.148189,1062.182331,273.187154,1062.182331,271.912801,1062.182331,269.109224,1062.182331,269.364095,1062.182331,268.344612,1062.182331
270.383577,1062.182331,267.580000,1062.182331,267.325130,1062.182331,270.383577,1062.182331,268.854353,1062.182331,266.815388,1062.182331,267.070259,1062.182331,266.560518,1062.182331
267.070259,1062.182331,263.247199,1062.182331,265.286164,1062.182331,267.325130,1062.182331,266.815388,1062.182331,262.482588,1062.182331,265.031294,1062.182331,262.992329,1062.182331
265.031294,1062.182331,261.972846,1062.182331,262.227717,1062.182331,264.521553,1062.182331,263.247199,1062.182331,260.698493,1062.182331,261.208234,1062.182331,260.188752,1062.182331
261.208234,1062.182331,257.894916,1062.182331,258.914399,1062.182331,261.208234,1062.182331,260.443623,1062.182331,257.640046,1062.182331,258.914399,1062.182331,257.385175,1062.182331
258.914399,1062.182331,255.601081,1062.182331,256.365692,1062.182331,259.169269,1062.182331,257.894916,1062.182331,254.581598,1062.182331,255.855951,1062.182331,254.326727,1062.182331
255.855951,1062.182331,252.542633,1062.182331,253.816986,1062.182331,255.601081,1062.182331,254.071857,1062.182331,252.542633,1062.182331,251.778021,1062.182331,252.032892,1062.182331
252.542633,1062.182331,249.229315,1062.182331,249.993927,1062.182331,252.542633,1062.182331,252.032892,1062.182331,248.209832,1062.182331,250.503668,1062.182331,247.954962,1062.182331
249.993927,1062.182331,246.935479,1062.182331,248.209832,1062.182331,250.758539,1062.182331,248.974444,1062.182331,245.915997,1062.182331,247.190350,1062.182331,246.680609,1062.182331
246.935479,1062.182331,244.131902,1062.182331,244.896514,1062.182331,246.425738,1062.182331,246.170867,1062.182331,243.367290,1062.182331,243.877032,1062.182331,242.347808,1062.182331
244.131902,1062.182331,241.073455,1062.182331,242.347808,1062.182331,244.131902,1062.182331,243.622161,1062.182331,240.308843,1062.182331,241.328325,1062.182331,239.799102,1062.182331
240.818584,1062.182331,238.779619,1062.182331,239.289360,1062.182331,241.583196,1062.182331,239.799102,1062.182331,237.505266,1062.182331,238.269878,1062.182331,237.505266,1062.182331
238.269878,1062.182331,234.701689,1062.182331,235.466301,1062.182331,237.760136,1062.182331,237.760136,1062.182331,234.701689,1062.182331,235.721171,1062.182331,233.682206,1062.182331
235.976042,1062.182331,232.407853,1062.182331,233.682206,1062.182331,235.976042,1062.182331,234.446818,1062.182331,231.643241,1062.182331,232.152983,1062.182331,231.898112,1062.182331
231.898112,1062.182331,230.114018,1062.182331,230.368888,1062.182331,232.407853,1062.182331,231.643241,1062.182331,228.584794,1062.182331,230.623759,1062.182331,228.839664,1062.182331
229.604276,1062.182331,226.545829,1062.182331,227.310441,1062.182331,229.859147,1062.182331,229.604276,1062.182331,226.036088,1062.182331,227.565311,1062.182331,225.271476,1062.182331
227.055570,1062.182331,224.251993,1062.182331,225.016605,1062.182331,227.565311,1062.182331,225.781217,1062.182331,223.742252,1062.182331,223.487381,1062.182331,223.742252,1062.182331
223.487381,1062.182331,222.213028,1062.182331,221.448416,1062.182331,223.742252,1062.182331,223.487381,1062.182331,220.428934,1062.182331,222.213028,1062.182331,219.919192,1062.182331
221.703287,1062.182331,217.880227,1062.182331,218.644839,1062.182331,220.938675,1062.182331,221.448416,1062.182331,217.880227,1062.182331,218.644839,1062.182331,216.860745,1062.182331
218.389969,1062.182331,215.586392,1062.182331,216.351004,1062.182331,218.899710,1062.182331,216.860745,1062.182331,215.076650,1062.182331,215.586392,1062.182331,214.821780,1062.182331
215.076650,1062.182331,213.292556,1062.182331,213.292556,1062.182331,215.586392,1062.182331,214.821780,1062.182331,211.253591,1062.182331,213.292556,1062.182331,212.018203,1062.182331
212.782815,1062.182331,209.214626,1062.182331,210.998720,1062.182331,213.292556,1062.182331,212.273074,1062.182331,209.979238,1062.182331,210.234108,1062.182331,209.469497,1062.182331
210.488979,1062.182331,207.685402,1062.182331,208.704885,1062.182331,209.724367,1062.182331,208.704885,1062.182331,206.156178,1062.182331,207.685402,1062.182331,205.646437,1062.182331
207.175661,1062.182331,204.372084,1062.182331,205.136696,1062.182331,206.920790,1062.182331,207.175661,1062.182331,203.352601,1062.182331,204.626955,1062.182331,203.607472,1062.182331
203.607472,1062.182331,200.803895,1062.182331,202.333119,1062.182331,204.881825,1062.182331,203.862343,1062.182331,200.803895,1062.182331,202.078248,1062.182331,200.549025,1062.182331
201.823378,1062.182331,199.274671,1062.182331,200.549025,1062.182331,201.568507,1062.182331,200.803895,1062.182331,198.255189,1062.182331,198.764930,1062.182331,197.235706,1062.182331
199.019801,1062.182331,196.471094,1062.182331,196.725965,1062.182331,199.274671,1062.182331,198.255189,1062.182331,195.706483,1062.182331,195.961353,1062.182331,195.706483,1062.182331
196.216224,1062.182331,192.902906,1062.182331,193.922388,1062.182331,196.216224,1062.182331,195.451612,1062.182331,191.883423,1062.182331,194.432129,1062.182331,192.393164,1062.182331
194.177259,1062.182331,191.628553,1062.182331,191.883423,1062.182331,192.648035,1062.182331,193.157776,1062.182331,191.118811,1062.182331,190.354199,1062.182331,189.334717,1062.182331
190.099329,1062.182331,187.805493,1062.182331,188.060364,1062.182331,191.373682,1062.182331,190.099329,1062.182331,186.786011,1062.182331,188.060364,1062.182331,187.040881,1062.182331
187.805493,1062.182331,185.001916,1062.182331,186.021399,1062.182331,187.805493,1062.182331,186.786011,1062.182331,184.492175,1062.182331,185.256787,1062.182331,183.727563,1062.182331
185.256787,1062.182331,182.962951,1062.182331,183.217822,1062.182331,184.492175,1062.182331,184.237304,1062.182331,182.198339,1062.182331,182.962951,1062.182331,181.688598,1062.182331
182.453210,1062.182331,179.139892,1062.182331,179.649633,1062.182331,182.962951,1062.182331,181.433727,1062.182331,178.375280,1062.182331,179.904504,1062.182331,178.375280,1062.182331
179.649633,1062.182331,176.591185,1062.182331,177.865539,1062.182331,179.394762,1062.182331,178.630150,1062.182331,175.826573,1062.182331,176.591185,1062.182331,176.081444,1062.182331
176.336315,1062.182331,175.061962,1062.182331,175.061962,1062.182331,176.591185,1062.182331,176.591185,1062.182331,173.277867,1062.182331,174.297350,1062.182331,173.022997,1062.182331
173.787608,1062.182331,171.238902,1062.182331,170.984032,1062.182331,173.787608,1062.182331,173.532738,1062.182331,169.964549,1062.182331,171.493773,1062.182331,170.219420,1062.182331
171.238902,1062.182331,167.925584,1062.182331,170.219420,1062.182331,170.729161,1062.182331,170.984032,1062.182331,168.435325,1062.182331,168.435325,1062.182331,168.690196,1062.182331
168.180455,1062.182331,165.886619,1062.182331,166.906101,1062.182331,168.690196,1062.182331,168.435325,1062.182331,165.376878,1062.182331,166.396360,1062.182331,164.867136,1062.182331
166.396360,1062.182331,162.573301,1062.182331,163.592783,1062.182331,166.141490,1062.182331,164.867136,1062.182331,162.828171,1062.182331,163.337913,1062.182331,162.063559,1062.182331
162.573301,1062.182331,160.789206,1062.182331,161.808689,1062.182331,162.573301,1062.182331,162.828171,1062.182331,159.259983,1062.182331,161.044077,1062.182331,160.279465,1062.182331
160.534336,1062.182331,157.475888,1062.182331,157.985629,1062.182331,160.279465,1062.182331,160.024594,1062.182331,156.966147,1062.182331,158.240500,1062.182331,156.711276,1062.182331
157.730759,1062.182331,155.182052,1062.182331,156.456406,1062.182331,158.240500,1062.182331,155.946664,1062.182331,154.927182,1062.182331,154.672311,1062.182331,154.162570,1062.182331
154.672311,1062.182331,153.143087,1062.182331,153.143087,1062.182331,154.417441,1062.182331,154.672311,1062.182331,150.849252,1062.182331,152.888217,1062.182331,151.613864,1062.182331
152.888217,1062.182331,149.065157,1062.182331,150.084640,1062.182331,152.633346,1062.182331,151.613864,1062.182331,149.065157,1062.182331,149.320028,1062.182331,148.045675,1062.182331
149.829769,1062.182331,147.281063,1062.182331,148.045675,1062.182331,149.065157,1062.182331,148.810287,1062.182331,147.026192,1062.182331,147.026192,1062.182331,146.516451,1062.182331
146.771322,1062.182331,144.987227,1062.182331,144.987227,1062.182331,147.281063,1062.182331,147.026192,1062.182331,142.948262,1062.182331,145.496969,1062.182331,143.458004,1062.182331
144.987227,1062.182331,141.164168,1062.182331,142.183650,1062.182331,144.222615,1062.182331,143.967745,1062.182331,141.419038,1062.182331,141.164168,1062.182331,140.909297,1062.182331
141.164168,1062.182331,139.634944,1062.182331,139.889815,1062.182331,141.419038,1062.182331,140.909297,1062.182331,138.105720,1062.182331,138.870332,1062.182331,138.870332,1062.182331
138.870332,1062.182331,136.321626,1062.182331,135.811885,1062.182331,140.144685,1062.182331,138.870332,1062.182331,135.047273,1062.182331,136.831367,1062.182331,135.047273,1062.182331
135.557014,1062.182331,133.008308,1062.182331,134.282661,1062.182331,136.576497,1062.182331,135.302143,1062.182331,133.518049,1062.182331,133.263178,1062.182331,132.498566,1062.182331
133.518049,1062.182331,130.969343,1062.182331,131.733955,1062.182331,133.263178,1062.182331,133.263178,1062.182331,129.694990,1062.182331,131.224213,1062.182331,129.949860,1062.182331
130.714472,1062.182331,128.165766,1062.182331,128.420636,1062.182331,131.733955,1062.182331,130.204731,1062.182331,127.146283,1062.182331,128.675507,1062.182331,127.656024,1062.182331
127.401154,1062.182331,125.362189,1062.182331,126.636542,1062.182331,127.656024,1062.182331,127.656024,1062.182331,124.087836,1062.182331,125.871930,1062.182331,125.107318,1062.182331
126.126801,1062.182331,123.578094,1062.182331,124.597577,1062.182331,125.617059,1062.182331,125.107318,1062.182331,122.303741,1062.182331,123.578094,1062.182331,121.794000,1062.182331
122.813483,1062.182331,120.009906,1062.182331,120.264776,1062.182331,123.323224,1062.182331,121.029388,1062.182331,119.755035,1062.182331,120.264776,1062.182331,119.500164,1062.182331
120.009906,1062.182331,116.951458,1062.182331,118.735552,1062.182331,120.519647,1062.182331,120.009906,1062.182331,116.696587,1062.182331,118.225811,1062.182331,116.441717,1062.182331
117.970941,1062.182331,115.422234,1062.182331,115.677105,1062.182331,117.716070,1062.182331,117.206329,1062.182331,114.657622,1062.182331,114.912493,1062.182331,113.383269,1062.182331
114.147881,1062.182331,111.854045,1062.182331,112.873528,1062.182331,115.422234,1062.182331,113.638140,1062.182331,111.344304,1062.182331,112.363787,1062.182331,112.108916,1062.182331
112.618657,1062.182331,109.305339,1062.182331,110.834563,1062.182331,112.618657,1062.182331,111.854045,1062.182331,108.285857,1062.182331,110.324822,1062.182331,108.540727,1062.182331
109.305339,1062.182331,107.521245,1062.182331,107.521245,1062.182331,109.815080,1062.182331,109.050469,1062.182331,106.501762,1062.182331,106.246892,1062.182331,105.992021,1062.182331
106.246892,1049.453226,103.953056,1062.182331,104.972538,1062.182331,106.501762,1062.182331,105.482280,1062.182331,102.933573,1062.182331,104.717668,1062.182331,103.698185,1062.182331
104.207927,1021.703776,101.404350,1062.182331,101.914091,1062.182331,104.717668,1062.182331,104.207927,1062.182331,100.894608,1062.182331,102.423832,1062.182331,100.384867,1062.182331
101.404350,992.681416,99.110514,1062.182331,99.110514,1062.182331,101.404350,1062.182331,101.149479,1062.182331,98.091031,1062.182331,98.091031,1062.182331,97.836161,1062.182331
98.345902,968.750698,96.052066,1062.182331,97.326420,1062.182331,98.855643,1062.182331,98.091031,1062.182331,95.032584,1062.182331,96.816678,1062.182331,95.287455,1062.182331
95.542325,940.492084,93.758231,1062.182331,94.522843,1062.182331,97.071549,1062.182331,96.306937,1062.182331,92.993619,1062.182331,93.758231,1062.182331,92.993619,1062.182331
93.503360,915.033873,90.954654,1062.182331,91.464395,1062.182331,93.503360,1062.182331,92.738748,1062.182331,90.444913,1062.182331,90.699783,1062.182331,90.444913,1062.182331
91.209524,887.029842,88.660818,1062.182331,89.935171,1062.182331,90.699783,1062.182331,90.190042,1062.182331,87.641336,1062.182331,89.425430,1062.182331,87.641336,1062.182331
87.641336,862.335377,85.602371,1062.182331,86.366982,1062.182331,88.915689,1062.182331,87.896206,1062.182331,84.582888,1062.182331,85.602371,1062.182331,84.837759,1062.182331
85.857241,835.095092,82.543923,1062.182331,84.073147,1062.182331,85.092629,1062.182331,84.837759,1062.182331,82.289052,1062.182331,82.798794,1062.182331,81.779311,1062.182331
82.798794,808.618553,80.759829,1062.182331,81.779311,1062.182331,83.308535,1062.182331,82.289052,1062.182331,80.250087,1062.182331,80.504958,1062.182331,79.230605,1062.182331
79.485475,782.396596,78.211122,1061.418585,77.956252,1062.182331,80.759829,1062.182331,79.740346,1062.182331,76.427028,1062.182331,78.465993,1062.182331,77.701381,1062.182331
77.956252,756.683803,74.642934,1029.086657,75.662416,1062.182331,76.427028,1062.182331,77.446510,1062.182331,74.133192,1062.182331,75.407545,1062.182331,73.623451,1062.182331
74.897804,729.188935,72.603968,992.935998,73.368580,1062.182331,75.662416,1062.182331,74.388063,1062.182331,72.349098,1062.182331,72.603968,1062.182331,71.584486,1062.182331
71.839357,702.966978,69.545521,958.821996,69.545521,1032.396225,72.603968,1062.182331,71.329615,1062.182331,68.271168,1062.182331,70.310133,1062.182331,69.545521,1062.182331
70.310133,677.508767,66.741944,922.925919,68.526038,993.190580,69.545521,1062.182331,69.290650,1062.182331,66.487073,1062.182331,67.251685,1062.182331,65.722461,1062.182331
66.741944,649.759318,65.467591,889.066499,65.212720,957.294503,67.761427,1062.182331,66.741944,1062.182331,64.193238,1062.182331,64.193238,1062.182331,63.938367,1062.182331
63.938367,626.083182,61.389661,852.406675,62.154273,919.107187,63.938367,1046.143659,63.938367,1062.182331,60.370178,1062.182331,62.409143,1062.182331,61.389661,1062.182331
62.664014,598.333732,58.840954,818.547255,60.370178,882.956528,61.899402,1005.155939,61.644531,1062.182331,58.840954,1062.182331,59.350696,1062.182331,57.821472,1062.182331
58.331213,574.148432,57.311731,782.396596,57.311731,843.496301,59.350696,963.913638,58.331213,1033.923718,55.782507,1031.887061,56.801989,1062.182331,56.037378,1062.182331
56.801989,547.162729,53.743542,747.264265,54.253283,809.127717,56.547119,921.907590,56.292248,991.408506,53.488671,986.062281,55.017895,1056.326943,52.978930,1062.182331
53.743542,522.468264,51.449706,713.659427,52.724059,770.176654,54.508154,880.410707,53.998413,944.056234,51.194836,938.964592,51.194836,1008.465507,50.175353,1062.182331
51.449706,496.246307,49.155871,675.217528,48.901000,733.007667,51.449706,840.441316,49.665612,900.777275,47.626647,893.648976,48.901000,958.567414,47.626647,1019.667120
48.391259,470.024350,45.332811,643.140183,46.607164,696.347843,49.410741,798.435268,48.136388,855.716242,44.823070,846.296705,46.607164,909.942231,45.077940,965.950295
45.077940,444.566139,43.548717,605.716613,44.058458,657.905945,46.607164,757.956713,45.842552,810.655210,42.784105,799.708179,43.038975,859.789556,42.529234,913.506381
43.038975,418.089600,41.000010,572.111775,41.764622,620.736958,43.038975,715.441501,42.274364,765.594177,40.235399,752.865071,41.254881,810.909792,39.980528,860.298720
39.980528,393.649718,37.431822,537.488609,39.215916,582.040477,41.000010,675.981275,40.745140,721.042308,37.941563,706.531128,37.941563,761.520863,37.686692,806.072732
38.196433,367.936925,35.647727,503.120024,36.667210,546.144400,38.706175,633.720645,37.686692,675.981275,34.118503,659.178856,36.157468,713.150262,34.883115,752.865071
35.902598,343.242461,32.589280,466.714783,33.099021,507.193338,35.137986,593.496672,34.373374,631.683988,32.334409,613.099494,33.353892,663.252169,31.569797,699.402829
32.079538,317.529668,30.295444,432.600780,31.569797,471.806425,33.099021,552.254371,32.844150,588.405030,29.785703,565.492640,29.785703,614.372405,29.785703,646.958915
30.550315,293.598950,27.491867,396.704703,28.766220,433.109945,30.805185,510.248323,29.785703,542.580251,26.472385,520.177025,27.746738,567.529297,27.236996,592.987508
27.746738,266.613246,24.943161,361.317790,25.707773,397.977614,27.236996,469.515186,27.236996,499.301292,25.707773,472.824753,25.198031,515.339965,23.668808,539.016101
24.688290,243.955439,22.904196,326.694624,23.668808,359.026551,25.707773,427.763720,25.198031,452.203603,21.629843,425.981646,22.139584,467.987693,22.394454,485.553859
22.649325,218.751810,20.100619,289.780218,19.590878,323.130474,22.394454,386.776001,21.629843,409.433809,19.081136,381.684359,20.355489,417.071272,18.826266,431.837034
19.336007,192.784435,17.297042,257.193708,18.061654,285.706904,19.590878,345.533700,20.100619,363.354447,16.532430,332.040848,17.042171,368.446089,16.532430,379.647702
17.551912,169.872046,15.258077,221.043049,15.003206,246.755842,18.316524,304.800563,16.532430,318.802578,13.473982,286.725233,14.748336,319.311743,14.748336,325.676295
14.238594,142.886342,11.689888,186.419883,12.454500,210.605183,14.493465,263.303679,13.983724,274.759874,11.180147,239.882125,12.709371,270.431978,10.925276,273.486963
12.199629,121.501445,9.396052,151.032970,10.160664,171.144956,11.944759,222.570542,11.944759,229.953423,8.886311,193.039017,9.141182,221.552213,8.886311,219.006392
9.141182,95.024906,7.357087,116.918967,6.847346,135.758043,10.415535,180.564494,8.121699,185.146972,6.337605,145.941328,7.357087,172.163285,6.337605,167.071643
6.592475,73.385427,3.534028,80.768308,4.808381,97.825309,7.102217,140.340521,6.847346,141.358850,4.298640,100.116548,4.298640,123.538102,3.534028,113.100236
4.043769,48.945545,2.004804,46.908888,2.769416,61.165486,4.298640,99.098220,3.788898,96.552399,0.985322,52.764276,1.749933,73.640009,1.240192,59.383411
1.495063,25.269409,-0.798773,11.012811,-1.053643,23.232752,2.259675,57.855919,0.220710,51.236784,-1.308514,6.684915,-0.034161,26.542319,-2.327997,5.666587
-1.563385,2.611601,-4.621832,-25.137848,-2.327997,-12.917907,-0.798773,17.886528,-1.053643,7.957826,-4.621832,-39.394446,-3.857220,-24.628684,-3.857220,-46.522745
-3.347479,-20.046206,-5.641315,-57.978940,-5.386444,-51.614388,-3.092609,-25.647013,-4.112091,-38.630700,-6.915668,-85.982972,-6.151056,-71.980956,-7.680280,-101.003316
-6.915668,-43.722342,-8.954633,-95.657092,-7.935150,-87.001300,-6.660797,-65.107239,-7.680280,-81.400494,-8.954633,-131.807751,-8.699762,-122.897378,-9.974116,-153.192648
-9.209504,-68.162224,-12.267951,-127.734438,-10.738727,-124.934034,-8.444892,-107.113287,-8.954633,-127.479855,-12.777692,-179.669187,-11.503339,-171.777142,-11.758210,-207.164055
-12.013081,-91.074614,-13.542304,-165.158007,-13.287434,-163.630515,-11.503339,-146.573514,-12.267951,-171.267978,-14.561787,-225.239385,-13.287434,-221.675235,-15.836140,-260.626298
-14.306916,-115.514496,-17.365364,-198.253681,-16.345881,-199.272010,-14.052046,-188.324979,-15.071528,-215.565265,-16.600752,-273.100821,-17.110493,-269.536671,-17.365364,-313.324794
-16.600752,-138.172304,-19.659199,-233.640594,-18.639717,-239.241401,-16.855623,-230.076445,-17.110493,-261.390044,-20.678682,-319.180182,-18.639717,-318.925600,-19.914070,-368.059947
-20.168941,-163.630515,-22.207906,-269.027507,-21.443294,-274.628313,-19.914070,-270.809582,-20.168941,-305.178166,-21.698165,-366.532454,-21.443294,-368.314529,-23.482259,-419.230950
-21.698165,-186.797486,-25.011483,-304.414420,-23.482259,-313.070212,-21.443294,-312.051883,-22.462776,-350.239199,-25.776095,-413.120980,-25.011483,-416.175965,-24.756612,-473.966103
-25.266353,-212.510279,-26.795577,-338.783004,-26.795577,-349.220871,-24.501741,-354.567095,-25.266353,-394.027322,-27.815060,-458.691177,-26.285836,-466.583222,-27.560189,-527.173764
-27.815060,-236.186415,-29.854025,-374.424499,-28.834542,-386.644441,-27.305318,-394.536486,-28.069930,-440.361265,-29.854025,-506.552613,-29.344283,-515.208405,-30.873507,-579.872260
-30.108895,-261.644626,-32.402731,-410.829741,-31.383248,-424.322592,-29.344283,-435.269623,-30.363766,-483.385641,-33.677084,-551.613646,-32.402731,-564.851916,-32.912472,-634.098249
-34.186825,-285.829926,-35.461179,-444.179997,-34.951437,-461.236998,-32.657602,-477.784835,-33.677084,-528.701256,-35.970920,-598.965918,-34.696567,-613.477098,-35.970920,-687.560491
-34.951437,-311.033555,-38.009885,-480.330656,-36.480661,-498.405986,-34.441696,-517.499644,-35.461179,-572.998543,-38.009885,-644.790697,-38.009885,-663.629773,-38.009885,-741.022734
-38.264755,-338.528422,-39.793979,-513.935494,-39.284238,-536.593302,-38.009885,-560.524020,-38.519626,-619.332487,-40.813462,-692.142969,-39.539109,-712.509538,-42.087815,-794.484976
-41.323203,-360.677066,-43.617039,-550.086153,-42.597556,-574.271454,-40.048850,-599.475082,-41.068332,-663.375191,-43.617039,-738.222331,-42.852427,-762.662213,-43.617039,-846.928890
-42.852427,-388.171933,-45.910874,-583.436409,-44.126780,-610.167531,-42.597556,-641.990294,-42.852427,-707.927060,-46.930357,-785.065438,-44.636521,-810.523649,-46.675486,-900.645715
-46.675486,-412.102651,-48.204710,-619.332487,-47.694969,-649.373175,-46.165745,-681.705103,-46.930357,-751.969764,-48.204710,-832.417710,-48.459581,-859.912578,-48.969322,-953.853375
-48.969322,-438.324608,-51.772899,-653.701071,-49.733934,-685.014670,-47.185227,-723.965733,-48.714451,-795.503305,-52.027769,-878.751654,-50.753416,-909.556089,-50.753416,-1007.570200
-51.772899,-463.019073,-53.556993,-689.087984,-52.792381,-723.965733,-50.498546,-765.208034,-51.263158,-842.091830,-54.066734,-924.576433,-52.792381,-955.890032,-54.576476,-1023.099709
-54.066734,-488.986448,-56.105700,-724.474897,-55.086217,-758.843481,-53.811864,-805.432007,-55.086217,-884.607042,-56.615441,-971.674123,-56.615441,-1007.061036,-56.615441,-1023.099709
-56.870311,-514.444658,-58.654406,-759.352646,-57.889794,-797.285379,-55.341088,-847.438055,-56.105700,-930.431822,-59.673888,-1018.008066,-58.399535,-1023.099709,-59.164147,-1023.099709
-59.164147,-539.393705,-61.457983,-796.776215,-61.203112,-833.436039,-58.909276,-888.425774,-59.164147,-974.219944,-61.457983,-1023.099709,-60.693371,-1023.099709,-61.967724,-1023.099709
-60.948241,-565.870244,-64.261560,-829.362725,-62.987207,-871.623355,-61.457983,-929.922657,-62.222595,-1019.026395,-64.771301,-1023.099709,-63.751818,-1023.099709,-64.516430,-1023.099709
-65.026172,-591.328455,-66.045654,-866.022548,-65.790783,-909.810671,-63.751818,-970.655794,-64.516430,-1023.099709,-67.829748,-1023.099709,-65.535913,-1023.099709,-67.829748,-1023.099709
-67.320007,-618.059576,-69.868714,-899.118222,-68.849231,-945.706748,-67.065137,-1011.388932,-67.574878,-1023.099709,-70.378455,-1023.099709,-69.358972,-1023.099709,-69.104102,-1023.099709
-69.868714,-642.754040,-71.907679,-934.505135,-70.123584,-985.676139,-68.849231,-1023.099709,-69.613843,-1023.099709,-72.162549,-1023.099709,-70.633325,-1023.099709,-73.182032,-1023.099709
-72.417420,-669.739744,-74.711255,-969.382884,-74.966126,-1020.553887,-71.652808,-1023.099709,-72.927161,-1023.099709,-75.220997,-1023.099709,-74.201514,-1023.099709,-75.220997,-1023.099709
-75.220997,-694.434208,-77.259962,-1004.515215,-75.985609,-1023.099709,-73.946644,-1023.099709,-73.691773,-1023.099709,-78.534315,-1023.099709,-77.005091,-1023.099709,-77.769703,-1023.099709
-77.259962,-720.910747,-78.789186,-1023.099709,-79.044056,-1023.099709,-77.769703,-1023.099709,-78.024574,-1023.099709,-79.553797,-1023.099709,-79.298927,-1023.099709,-81.083021,-1023.099709
-79.298927,-746.623540,-82.612245,-1023.099709,-81.847633,-1023.099709,-79.298927,-1023.099709,-80.573280,-1023.099709,-83.376857,-1023.099709,-82.357374,-1023.099709,-82.357374,-1023.099709
-83.376857,-772.845497,-84.906081,-1023.099709,-84.396339,-1023.099709,-81.847633,-1023.099709,-82.612245,-1023.099709,-85.925563,-1023.099709,-83.886598,-1023.099709,-85.670693,-1023.099709
-84.906081,-798.303708,-87.454787,-1023.099709,-87.199916,-1023.099709,-85.415822,-1023.099709,-86.435304,-1023.099709,-88.219399,-1023.099709,-87.964528,-1023.099709,-87.454787,-1023.099709
-87.709658,-825.543993,-90.258364,-1023.099709,-88.984011,-1023.099709,-86.945046,-1023.099709,-87.454787,-1023.099709,-90.513235,-1023.099709,-90.003493,-1023.099709,-91.022976,-1023.099709
-91.022976,-851.765950,-93.316811,-1023.099709,-92.552200,-1023.099709,-90.258364,-1023.099709,-91.022976,-1023.099709,-93.571682,-1023.099709,-92.297329,-1023.099709,-93.316811,-1023.099709
-93.316811,-877.733325,-96.120388,-1023.099709,-93.826553,-1023.099709,-93.061941,-1023.099709,-92.552200,-1023.099709,-96.120388,-1023.099709,-94.846035,-1023.099709,-95.865518,-1023.099709
-96.630130,-905.482775,-97.649612,-1023.099709,-97.649612,-1023.099709,-95.355776,-1023.099709,-96.120388,-1023.099709,-98.159353,-1023.099709,-97.649612,-1023.099709,-98.923965,-1023.099709
-98.414224,-929.668075,-101.217801,-1023.099709,-100.198318,-1023.099709,-97.904483,-1023.099709,-98.669095,-1023.099709,-101.982413,-1023.099709,-100.708060,-1023.099709,-100.708060,-1023.099709
-101.217801,-957.417525,-103.256766,-1023.099709,-102.747025,-1023.099709,-101.217801,-1023.099709,-100.453189,-1023.099709,-103.256766,-1023.099709,-102.492154,-1023.099709,-104.276249,-1023.099709
-104.276249,-981.857407,-106.060343,-1023.099709,-106.315214,-1023.099709,-103.511637,-1023.099709,-104.785990,-1023.099709,-106.824955,-1023.099709,-106.060343,-1023.099709,-106.315214,-1023.099709
-106.060343,-1009.861439,-108.863920,-1023.099709,-107.334696,-1023.099709,-105.040860,-1023.099709,-105.805472,-1023.099709,-109.373661,-1023.099709,-107.334696,-1023.099709,-109.373661,-1023.099709
-108.863920,-1023.099709,-110.393144,-1023.099709,-110.393144,-1023.099709,-109.373661,-1023.099709,-109.373661,-1023.099709,-111.922367,-1023.099709,-111.412626,-1023.099709,-111.922367,-1023.099709
-111.412626,-1023.099709,-113.961332,-1023.099709,-113.196721,-1023.099709,-110.648014,-1023.099709,-111.412626,-1023.099709,-113.961332,-1023.099709,-113.196721,-1023.099709,-114.471074,-1023.099709
-115.235686,-1023.099709,-116.255168,-1023.099709,-115.490556,-1023.099709,-113.706462,-1023.099709,-114.216203,-1023.099709,-117.019780,-1023.099709,-116.000297,-1023.099709,-117.019780,-1023.099709
-116.764909,-1023.099709,-119.823357,-1023.099709,-118.294133,-1023.099709,-116.510039,-1023.099709,-116.764909,-1023.099709,-120.078228,-1023.099709,-118.294133,-1023.099709,-119.568486,-1023.099709
-120.078228,-1023.099709,-121.607451,-1023.099709,-120.842839,-1023.099709,-119.058745,-1023.099709,-119.568486,-1023.099709,-121.352581,-1023.099709,-121.097710,-1023.099709,-122.626934,-1023.099709
-122.117193,-1023.099709,-124.665899,-1023.099709,-123.646416,-1023.099709,-121.862322,-1023.099709,-122.117193,-1023.099709,-124.920770,-1023.099709,-123.901287,-1023.099709,-123.901287,-1023.099709
-125.175640,-1023.099709,-126.959735,-1023.099709,-125.430511,-1023.099709,-123.901287,-1023.099709,-124.156158,-1023.099709,-126.959735,-1023.099709,-126.195123,-1023.099709,-127.724346,-1023.099709
-126.959735,-1023.099709,-128.998700,-1023.099709,-128.998700,-1023.099709,-127.214605,-1023.099709,-128.234088,-1023.099709,-130.018182,-1023.099709,-129.763311,-1023.099709,-129.763311,-1023.099709
-131.037665,-1023.099709,-132.821759,-1023.099709,-131.292535,-1023.099709,-128.488958,-1023.099709,-130.018182,-1023.099709,-132.821759,-1023.099709,-131.547406,-1023.099709,-132.566888,-1023.099709
-132.566888,-1023.099709,-134.350983,-1023.099709,-133.841242,-1023.099709,-132.566888,-1023.099709,-132.566888,-1023.099709,-135.370465,-1023.099709,-134.096112,-1023.099709,-135.370465,-1023.099709
-135.370465,-1023.099709,-137.409430,-1023.099709,-136.389948,-1023.099709,-134.350983,-1023.099709,-136.135077,-1023.099709,-137.409430,-1023.099709,-137.154560,-1023.099709,-138.174042,-1023.099709
-138.428913,-1023.099709,-140.977619,-1023.099709,-138.938654,-1023.099709,-136.899689,-1023.099709,-137.919172,-1023.099709,-140.213007,-1023.099709,-139.448395,-1023.099709,-140.213007,-1023.099709
-140.467878,-1023.099709,-142.761714,-1023.099709,-142.251972,-1023.099709,-139.703266,-1023.099709,-140.722749,-1023.099709,-143.526325,-1023.099709,-142.251972,-1023.099709,-143.016584,-1023.099709
-142.506843,-1023.099709,-144.800679,-1023.099709,-144.036067,-1023.099709,-141.487360,-1023.099709,-142.761714,-1023.099709,-144.545808,-1023.099709,-145.055549,-1023.099709,-146.075032,-1023.099709
-145.565291,-1023.099709,-147.859126,-1023.099709,-147.604256,-1023.099709,-145.310420,-1023.099709,-146.075032,-1023.099709,-148.878609,-1023.099709,-147.604256,-1023.099709,-148.368867,-1023.099709
-149.388350,-1023.099709,-150.662703,-1023.099709,-148.878609,-1023.099709,-147.604256,-1023.099709,-147.604256,-1023.099709,-150.662703,-1023.099709,-149.898091,-1023.099709,-151.427315,-1023.099709
-150.407832,-1023.099709,-153.211409,-1023.099709,-152.446798,-1023.099709,-150.917574,-1023.099709,-151.427315,-1023.099709,-153.721151,-1023.099709,-152.446798,-1023.099709,-153.466280,-1023.099709
-153.976021,-1023.099709,-156.014986,-1023.099709,-154.995504,-1023.099709,-151.937056,-1023.099709,-152.956539,-1023.099709,-156.524728,-1023.099709,-155.760116,-1023.099709,-156.779598,-1023.099709
-156.269857,-1023.099709,-157.799081,-1023.099709,-157.289339,-1023.099709,-155.760116,-1023.099709,-156.269857,-1023.099709,-159.073434,-1023.099709,-157.544210,-1023.099709,-158.053951,-1023.099709
-158.563693,-1023.099709,-160.857528,-1023.099709,-159.328305,-1023.099709,-158.053951,-1023.099709,-159.073434,-1023.099709,-161.112399,-1023.099709,-159.838046,-1023.099709,-161.877011,-1023.099709
-161.622140,-1023.099709,-163.151364,-1023.099709,-163.406235,-1023.099709,-160.347787,-1023.099709,-161.367270,-1023.099709,-163.661105,-1023.099709,-163.915976,-1023.099709,-163.915976,-1023.099709
-164.170846,-1023.099709,-166.974423,-1023.099709,-165.700070,-1023.099709,-163.406235,-1023.099709,-163.915976,-1023.099709,-166.719553,-1023.099709,-164.680588,-1023.099709,-166.209812,-1023.099709
-166.464682,-1023.099709,-168.248777,-1023.099709,-167.993906,-1023.099709,-166.209812,-1023.099709,-166.974423,-1023.099709,-169.013388,-1023.099709,-168.758518,-1023.099709,-169.268259,-1023.099709
-169.013388,-1023.099709,-171.562095,-1023.099709,-170.542612,-1023.099709,-168.248777,-1023.099709,-169.268259,-1023.099709,-171.307224,-1023.099709,-170.542612,-1023.099709,-171.816965,-1023.099709
-172.071836,-1023.099709,-174.110801,-1023.099709,-173.346189,-1023.099709,-171.307224,-1023.099709,-171.052353,-1023.099709,-174.620542,-1023.099709,-172.836448,-1023.099709,-174.110801,-1023.099709
-173.855930,-1023.099709,-176.149766,-1023.099709,-175.130284,-1023.099709,-174.365672,-1023.099709,-175.130284,-1023.099709,-176.914378,-1023.099709,-176.149766,-1023.099709,-176.914378,-1023.099709
-177.424119,-1023.099709,-179.208214,-1023.099709,-178.188731,-1023.099709,-175.894895,-1023.099709,-177.169249,-1023.099709,-179.463084,-1023.099709,-179.208214,-1023.099709,-179.717955,-1023.099709
-179.208214,-1023.099709,-182.011791,-1023.099709,-181.247179,-1023.099709,-179.208214,-1023.099709,-179.717955,-1023.099709,-183.031273,-1023.099709,-181.247179,-1023.099709,-182.266661,-1023.099709
-182.266661,-1023.099709,-184.560497,-1023.099709,-183.031273,-1023.099709,-181.247179,-1023.099709,-181.247179,-1023.099709,-184.050756,-1023.099709,-183.795885,-1023.099709,-184.560497,-1023.099709
-184.305626,-1023.099709,-186.599462,-1023.099709,-186.854333,-1023.099709,-184.305626,-1023.099709,-185.325109,-1023.099709,-187.618944,-1023.099709,-186.854333,-1023.099709,-186.854333,-1023.099709
-187.873815,-1023.099709,-190.422521,-1023.099709,-188.383556,-1023.099709,-186.344591,-1023.099709,-186.599462,-1023.099709,-189.912780,-1023.099709,-189.148168,-1023.099709,-189.912780,-1023.099709
-189.657909,-1023.099709,-191.696874,-1023.099709,-191.696874,-1023.099709,-190.422521,-1023.099709,-190.167651,-1023.099709,-192.971228,-1023.099709,-191.442004,-1023.099709,-192.461486,-1023.099709
-192.971228,-1023.099709,-195.010193,-1023.099709,-194.245581,-1023.099709,-191.442004,-1023.099709,-192.716357,-1023.099709,-194.500451,-1023.099709,-193.990710,-1023.099709,-195.519934,-1023.099709
-195.519934,-1023.099709,-197.304028,-1023.099709,-196.794287,-1023.099709,-194.500451,-1023.099709,-195.265063,-1023.099709,-199.088123,-1023.099709,-196.539416,-1023.099709,-196.794287,-1023.099709
-198.068640,-1023.099709,-199.597864,-1023.099709,-198.833252,-1023.099709,-197.304028,-1023.099709,-197.558899,-1023.099709,-199.597864,-1023.099709,-198.578381,-1023.099709,-200.872217,-1023.099709
-200.617347,-1023.099709,-202.401441,-1023.099709,-201.381958,-1023.099709,-199.597864,-1023.099709,-200.617347,-1023.099709,-203.166053,-1023.099709,-202.401441,-1023.099709,-203.166053,-1023.099709
-203.420923,-1023.099709,-205.714759,-1023.099709,-204.695277,-1023.099709,-201.891700,-1023.099709,-202.911182,-1023.099709,-204.950147,-1023.099709,-203.930665,-1023.099709,-205.969630,-1023.099709
-205.459888,-1023.099709,-207.753724,-1023.099709,-206.734242,-1023.099709,-204.950147,-1023.099709,-205.459888,-1023.099709,-208.773207,-1023.099709,-207.243983,-1023.099709,-207.753724,-1023.099709
-208.518336,-1023.099709,-210.047560,-1023.099709,-209.537819,-1023.099709,-207.498854,-1023.099709,-208.263465,-1023.099709,-210.047560,-1023.099709,-209.537819,-1023.099709,-211.576784,-1023.099709
-211.067042,-1023.099709,-213.106007,-1023.099709,-212.341395,-1023.099709,-209.792689,-1023.099709,-210.557301,-1023.099709,-213.870619,-1023.099709,-212.851137,-1023.099709,-212.596266,-1023.099709
-213.360878,-1023.099709,-215.399843,-1023.099709,-214.635231,-1023.099709,-212.596266,-1023.099709,-213.870619,-1023.099709,-215.909584,-1023.099709,-214.125490,-1023.099709,-216.419326,-1023.099709
-216.164455,-1023.099709,-218.713161,-1023.099709,-217.438808,-1023.099709,-214.890102,-1023.099709,-216.419326,-1023.099709,-218.458291,-1023.099709,-217.948549,-1023.099709,-218.458291,-1023.099709
-218.968032,-1023.099709,-221.261868,-1023.099709,-220.497256,-1023.099709,-218.458291,-1023.099709,-218.713161,-1023.099709,-221.516738,-1023.099709,-219.732644,-1023.099709,-220.752126,-1023.099709
-221.516738,-1023.099709,-224.065444,-1023.099709,-222.026479,-1023.099709,-220.242385,-1023.099709,-220.752126,-1023.099709,-224.320315,-1023.099709,-222.791091,-1023.099709,-223.045962,-1023.099709
-223.810574,-1023.099709,-225.339798,-1023.099709,-225.594668,-1023.099709,-223.300833,-1023.099709,-224.320315,-1023.099709,-225.339798,-1023.099709,-224.320315,-1023.099709,-226.359280,-1023.099709
-226.869021,-1023.099709,-228.398245,-1023.099709,-227.378763,-1023.099709,-225.084927,-1023.099709,-225.594668,-1023.099709,-229.417728,-1023.099709,-227.888504,-1023.099709,-228.907986,-1023.099709
-228.653116,-1023.099709,-230.692081,-1023.099709,-230.437210,-1023.099709,-228.907986,-1023.099709,-229.162857,-1023.099709,-231.966434,-1023.099709,-230.182340,-1023.099709,-231.201822,-1023.099709
-232.221305,-1023.099709,-234.260270,-1023.099709,-232.476175,-1023.099709,-230.692081,-1023.099709,-231.201822,-1023.099709,-233.750528,-1023.099709,-233.750528,-1023.099709,-234.515140,-1023.099709
-234.005399,-1023.099709,-236.299235,-1023.099709,-236.554105,-1023.099709,-234.005399,-1023.099709,-234.770011,-1023.099709,-236.808976,-1023.099709,-235.789493,-1023.099709,-236.554105,-1023.099709
-237.318717,-1023.099709,-239.357682,-1023.099709,-237.573588,-1023.099709,-236.044364,-1023.099709,-236.044364,-1023.099709,-239.357682,-1023.099709,-238.593070,-1023.099709,-239.102812,-1023.099709
-239.102812,-1023.099709,-240.886906,-1023.099709,-241.141777,-1023.099709,-239.357682,-1023.099709,-239.612553,-1023.099709,-241.651518,-1023.099709,-240.122294,-1023.099709,-242.161259,-1023.099709
-241.651518,-1023.099709,-244.964836,-1023.099709,-243.435612,-1023.099709,-240.632035,-1023.099709,-241.396647,-1023.099709,-244.200224,-1023.099709,-244.455095,-1023.099709,-244.709965,-1023.099709
-244.455095,-1023.099709,-246.494060,-1023.099709,-245.984319,-1023.099709,-244.709965,-1023.099709,-244.455095,-1023.099709,-247.258672,-1023.099709,-245.474577,-1023.099709,-247.003801,-1023.099709
-247.513542,-1023.099709,-249.552507,-1023.099709,-248.278154,-1023.099709,-246.239189,-1023.099709,-247.768413,-1023.099709,-249.552507,-1023.099709,-249.042766,-1023.099709,-250.062249,-1023.099709
-250.062249,-1023.099709,-251.591472,-1023.099709,-251.846343,-1023.099709,-249.297637,-1023.099709,-250.317119,-1023.099709,-252.101214,-1023.099709,-251.591472,-1023.099709,-251.591472,-1023.099709
-253.120696,-1023.099709,-255.924273,-1023.099709,-253.120696,-1023.099709,-250.826861,-1023.099709,-252.356084,-1023.099709,-255.159661,-1023.099709,-253.630437,-1023.099709,-254.649920,-1023.099709
-255.159661,-1023.099709,-256.943756,-1023.099709,-256.688885,-1023.099709,-255.159661,-1023.099709,-255.414532,-1023.099709,-257.198626,-1023.099709,-256.688885,-1023.099709,-257.453497,-1023.099709
-257.708368,-1023.099709,-260.257074,-1023.099709,-259.237591,-1023.099709,-256.434014,-1023.099709,-256.943756,-1023.099709,-260.257074,-1023.099709,-260.257074,-1023.099709,-260.766815,-1023.099709
-260.511944,-1023.099709,-262.550910,-1023.099709,-262.296039,-1023.099709,-259.747333,-1023.099709,-260.002203,-1023.099709,-263.060651,-1023.099709,-261.021686,-1023.099709,-262.805780,-1023.099709
-263.570392,-1023.099709,-265.354486,-1023.099709,-263.315521,-1023.099709,-261.786298,-1023.099709,-261.786298,-1023.099709,-265.099616,-1023.099709,-264.844745,-1023.099709,-265.354486,-1023.099709
-265.609357,-1023.099709,-267.393451,-1023.099709,-267.138581,-1023.099709,-265.354486,-1023.099709,-265.099616,-1023.099709,-267.903193,-1023.099709,-266.883710,-1023.099709,-267.903193,-1023.099709
-268.412934,-1023.099709,-270.961640,-1023.099709,-268.922675,-1023.099709,-266.628840,-1023.099709,-267.648322,-1023.099709,-271.216511,-1023.099709,-270.197028,-1023.099709,-270.197028,-1023.099709
-270.961640,-1023.099709,-272.745735,-1023.099709,-272.490864,-1023.099709,-270.706770,-1023.099709,-270.961640,-1023.099709,-273.000605,-1023.099709,-271.981123,-1023.099709,-273.510347,-1023.099709
-274.529829,-1023.099709,-275.294441,-1023.099709,-274.020088,-1023.099709,-271.981123,-1023.099709,-273.765217,-1023.099709,-276.059053,-1023.099709,-275.039570,-1023.099709,-275.804182,-1023.099709
-277.078535,-1023.099709,-278.862630,-1023.099709,-278.352889,-1023.099709,-275.294441,-1023.099709,-276.059053,-1023.099709,-277.588277,-1023.099709,-277.588277,-1023.099709,-278.352889,-1023.099709
-279.117500,-1023.099709,-281.156465,-1023.099709,-279.372371,-1023.099709,-277.588277,-1023.099709,-278.098018,-1023.099709,-281.666207,-1023.099709,-279.882112,-1023.099709,-281.411336,-1023.099709
-280.901595,-1023.099709,-283.450301,-1023.099709,-282.685689,-1023.099709,-281.156465,-1023.099709,-281.666207,-1023.099709,-283.195431,-1023.099709,-282.940560,-1023.099709,-283.960042,-1023.099709
-284.724654,-1023.099709,-286.508749,-1023.099709,-284.979525,-1023.099709,-282.175948,-1023.099709,-283.450301,-1023.099709,-286.763619,-1023.099709,-284.979525,-1023.099709,-286.253878,-1023.099709
-285.744137,-1023.099709,-288.292843,-1023.099709,-288.292843,-1023.099709,-286.763619,-1023.099709,-286.763619,-1023.099709,-288.547714,-1023.099709,-288.292843,-1023.099709,-289.057455,-1023.099709
-289.567196,-1023.099709,-291.606161,-1023.099709,-289.822067,-1023.099709,-288.037972,-1023.099709,-288.547714,-1023.099709,-291.606161,-1023.099709,-290.841549,-1023.099709,-291.861032,-1023.099709
-292.115903,-1023.099709,-294.409738,-1023.099709,-293.899997,-1023.099709,-291.096420,-1023.099709,-292.115903,-1023.099709,-294.154868,-1023.099709,-292.625644,-1023.099709,-293.899997,-1023.099709
-294.409738,-1023.099709,-296.448703,-1023.099709,-295.429221,-1023.099709,-293.899997,-1023.099709,-293.390256,-1023.099709,-297.723056,-1023.099709,-296.193833,-1023.099709,-296.448703,-1023.099709
-296.958445,-1023.099709,-298.997410,-1023.099709,-298.742539,-1023.099709,-296.958445,-1023.099709,-298.232798,-1023.099709,-298.487668,-1023.099709,-298.487668,-1023.099709,-299.762021,-1023.099709
-300.271763,-1023.099709,-303.075340,-1023.099709,-301.036375,-1023.099709,-298.232798,-1023.099709,-299.252280,-1023.099709,-302.820469,-1023.099709,-301.800986,-1023.099709,-301.800986,-1023.099709
-302.310728,-1023.099709,-304.604563,-1023.099709,-303.585081,-1023.099709,-302.310728,-1023.099709,-302.055857,-1023.099709,-304.349693,-1023.099709,-303.075340,-1023.099709,-305.114305,-1023.099709
-305.114305,-1023.099709,-307.408140,-1023.099709,-305.878917,-1023.099709,-303.585081,-1023.099709,-304.604563,-1023.099709,-307.917882,-1023.099709,-307.153270,-1023.099709,-307.153270,-1023.099709
-308.172752,-1023.099709,-309.192235,-1023.099709,-309.701976,-1023.099709,-307.153270,-1023.099709,-307.663011,-1023.099709,-309.956847,-1023.099709,-308.682493,-1023.099709,-310.721459,-1023.099709
-310.211717,-1023.099709,-311.995812,-1023.099709,-310.976329,-1023.099709,-309.192235,-1023.099709,-309.701976,-1023.099709,-311.486070,-1023.099709,-311.740941,-1023.099709,-309.701976,-1023.099709
-311.995812,-1023.099709,-308.427623,-1023.099709,-310.466588,-1023.099709,-312.250682,-1023.099709,-311.740941,-1023.099709,-307.663011,-1023.099709,-308.682493,-1023.099709,-307.917882,-1023.099709
-309.447105,-1023.099709,-306.388658,-1023.099709,-306.388658,-1023.099709,-308.427623,-1023.099709,-307.408140,-1023.099709,-304.604563,-1023.099709,-306.388658,-1023.099709,-304.349693,-1023.099709
-305.878917,-1023.099709,-301.800986,-1023.099709,-303.585081,-1023.099709,-305.624046,-1023.099709,-305.624046,-1023.099709,-302.055857,-1023.099709,-301.800986,-1023.099709,-301.546116,-1023.099709
-302.820469,-1023.099709,-299.507151,-1023.099709,-300.271763,-1023.099709,-302.055857,-1023.099709,-301.546116,-1023.099709,-298.487668,-1023.099709,-300.016892,-1023.099709,-297.468186,-1023.099709
-300.016892,-1023.099709,-296.193833,-1023.099709,-297.977927,-1023.099709,-299.507151,-1023.099709,-298.997410,-1023.099709,-295.429221,-1023.099709,-296.703574,-1023.099709,-295.684091,-1023.099709
-296.448703,-1023.099709,-293.899997,-1023.099709,-293.899997,-1023.099709,-296.448703,-1023.099709,-294.919479,-1023.099709,-293.135385,-1023.099709,-293.135385,-1023.099709,-291.351291,-1023.099709
-293.645126,-1023.099709,-289.822067,-1023.099709,-291.861032,-1023.099709,-293.645126,-1023.099709,-293.390256,-1023.099709,-289.312326,-1023.099709,-290.586679,-1023.099709,-288.802584,-1023.099709
-290.331808,-1023.099709,-287.783102,-1023.099709,-288.292843,-1023.099709,-290.331808,-1023.099709,-289.312326,-1023.099709,-286.508749,-1023.099709,-287.528231,-1023.099709,-286.253878,-1023.099709
-288.292843,-1023.099709,-284.214913,-1023.099709,-285.489266,-1023.099709,-287.273361,-1023.099709,-287.018490,-1023.099709,-283.705172,-1023.099709,-284.214913,-1023.099709,-282.685689,-1023.099709
-283.960042,-1023.099709,-281.921077,-1023.099709,-281.666207,-1023.099709,-284.724654,-1023.099709,-283.450301,-1023.099709,-280.391854,-1023.099709,-281.411336,-1023.099709,-280.136983,-1023.099709
-282.175948,-1023.099709,-278.352889,-1023.099709,-280.136983,-1023.099709,-281.156465,-1023.099709,-281.156465,-1023.099709,-277.843147,-1023.099709,-278.862630,-1023.099709,-277.333406,-1023.099709
-278.098018,-1023.099709,-276.313924,-1023.099709,-276.568794,-1023.099709,-278.607759,-1023.099709,-277.078535,-1023.099709,-274.529829,-1023.099709,-275.549312,-1023.099709,-274.020088,-1023.099709
-276.059053,-1023.099709,-271.981123,-1023.099709,-273.255476,-1023.099709,-276.059053,-1023.099709,-274.529829,-1023.099709,-272.235993,-1023.099709,-273.000605,-1023.099709,-271.471382,-1023.099709
-273.000605,-1023.099709,-270.197028,-1023.099709,-270.961640,-1023.099709,-273.000605,-1023.099709,-271.981123,-1023.099709,-268.158063,-1023.099709,-269.942158,-1023.099709,-268.667805,-1023.099709
-269.942158,-1023.099709,-267.138581,-1023.099709,-267.903193,-1023.099709,-269.687287,-1023.099709,-268.412934,-1023.099709,-266.883710,-1023.099709,-266.883710,-1023.099709,-264.844745,-1023.099709
-266.628840,-1023.099709,-263.825263,-1023.099709,-264.844745,-1023.099709,-267.903193,-1023.099709,-265.864228,-1023.099709,-262.805780,-1023.099709,-263.825263,-1023.099709,-263.315521,-1023.099709
-264.335004,-1023.099709,-261.276556,-1023.099709,-262.041168,-1023.099709,-263.570392,-1023.099709,-263.315521,-1023.099709,-260.511944,-1023.099709,-262.041168,-1023.099709,-259.492462,-1023.099709
-261.276556,-1023.099709,-258.727850,-1023.099709,-258.982721,-1023.099709,-261.531427,-1023.099709,-260.257074,-1023.099709,-256.943756,-1023.099709,-257.708368,-1023.099709,-257.198626,-1023.099709
-258.218109,-1023.099709,-255.159661,-1023.099709,-255.669403,-1023.099709,-257.963238,-1023.099709,-257.708368,-1023.099709,-254.904791,-1023.099709,-255.669403,-1023.099709,-253.375567,-1023.099709
-255.414532,-1023.099709,-252.356084,-1023.099709,-253.375567,-1023.099709,-255.924273,-1023.099709,-255.159661,-1023.099709,-250.571990,-1023.099709,-252.610955,-1023.099709,-252.101214,-1023.099709
-252.865826,-1023.099709,-250.317119,-1023.099709,-250.062249,-1023.099709,-252.101214,-1023.099709,-251.336602,-1023.099709,-249.552507,-1023.099709,-250.062249,-1023.099709,-247.513542,-1023.099709
-249.297637,-1023.099709,-246.494060,-1023.099709,-248.023284,-1023.099709,-250.571990,-1023.099709,-249.042766,-1023.099709,-244.964836,-1023.099709,-245.984319,-1023.099709,-245.729448,-1023.099709
-246.748930,-1023.099709,-244.455095,-1023.099709,-244.455095,-1023.099709,-246.239189,-1023.099709,-245.474577,-1023.099709,-242.671000,-1023.099709,-244.200224,-1023.099709,-242.161259,-1023.099709
-244.455095,-1023.099709,-240.886906,-1023.099709,-242.416130,-1023.099709,-244.455095,-1023.099709,-243.435612,-1023.099709,-240.377165,-1023.099709,-241.396647,-1023.099709,-239.867423,-1023.099709
-240.632035,-1023.099709,-238.847941,-1023.099709,-238.593070,-1023.099709,-240.632035,-1023.099709,-239.612553,-1023.099709,-237.063847,-1023.099709,-238.083329,-1023.099709,-236.808976,-1023.099709
-238.593070,-1023.099709,-235.024882,-1023.099709,-236.808976,-1023.099709,-238.083329,-1023.099709,-238.338200,-1023.099709,-234.260270,-1023.099709,-236.044364,-1023.099709,-234.515140,-1023.099709
-235.279752,-1023.099709,-233.240787,-1023.099709,-232.985916,-1023.099709,-235.279752,-1023.099709,-233.750528,-1023.099709,-231.966434,-1023.099709,-232.731046,-1023.099709,-231.456693,-1023.099709
-232.476175,-1023.099709,-229.417728,-1023.099709,-230.692081,-1023.099709,-232.476175,-1023.099709,-231.966434,-1023.099709,-229.162857,-1023.099709,-229.162857,-1023.099709,-228.398245,-1023.099709
-229.162857,-1023.099709,-227.123892,-1023.099709,-227.633633,-1023.099709,-230.182340,-1023.099709,-228.907986,-1023.099709,-225.849539,-1023.099709,-227.378763,-1023.099709,-226.104409,-1023.099709
-227.633633,-1023.099709,-224.065444,-1023.099709,-225.339798,-1023.099709,-226.869021,-1023.099709,-226.359280,-1023.099709,-223.300833,-1023.099709,-224.320315,-1023.099709,-222.791091,-1023.099709
-223.045962,-1023.099709,-221.771609,-1023.099709,-221.771609,-1023.099709,-224.320315,-1023.099709,-223.300833,-1023.099709,-220.242385,-1023.099709,-220.497256,-1023.099709,-220.242385,-1023.099709
-222.026479,-1023.099709,-218.713161,-1023.099709,-219.477773,-1023.099709,-221.261868,-1023.099709,-220.497256,-1023.099709,-217.948549,-1023.099709,-218.713161,-1023.099709,-217.183937,-1023.099709
-218.968032,-1023.099709,-215.654714,-1023.099709,-216.419326,-1023.099709,-218.713161,-1023.099709,-217.693679,-1023.099709,-214.380361,-1023.099709,-215.399843,-1023.099709,-214.380361,-1023.099709
-215.909584,-1023.099709,-212.851137,-1023.099709,-213.360878,-1023.099709,-215.909584,-1023.099709,-214.635231,-1023.099709,-212.851137,-1023.099709,-213.360878,-1023.099709,-210.812172,-1023.099709
-212.851137,-1023.099709,-209.537819,-1023.099709,-211.067042,-1023.099709,-212.851137,-1023.099709,-212.596266,-1023.099709,-209.282948,-1023.099709,-209.792689,-1023.099709,-209.537819,-1023.099709
-210.812172,-1023.099709,-207.753724,-1023.099709,-208.008595,-1023.099709,-209.792689,-1023.099709,-209.282948,-1023.099709,-206.734242,-1023.099709,-208.008595,-1023.099709,-205.714759,-1023.099709
-207.243983,-1023.099709,-204.950147,-1023.099709,-205.714759,-1023.099709,-207.753724,-1023.099709,-206.479371,-1023.099709,-203.675794,-1023.099709,-204.185535,-1023.099709,-203.675794,-1023.099709
-204.440406,-1023.099709,-202.401441,-1023.099709,-202.146570,-1023.099709,-204.440406,-1023.099709,-203.420923,-1023.099709,-200.617347,-1023.099709,-202.656312,-1023.099709,-200.872217,-1023.099709
-202.146570,-1023.099709,-199.342993,-1023.099709,-200.872217,-1023.099709,-202.146570,-1023.099709,-201.891700,-1023.099709,-198.323511,-1023.099709,-199.088123,-1023.099709,-198.323511,-1023.099709
-199.342993,-1023.099709,-197.558899,-1023.099709,-196.539416,-1023.099709,-198.833252,-1023.099709,-197.813770,-1023.099709,-195.265063,-1023.099709,-196.284546,-1023.099709,-194.500451,-1023.099709
-196.284546,-1023.099709,-193.226098,-1023.099709,-194.755322,-1023.099709,-197.049158,-1023.099709,-196.284546,-1023.099709,-192.716357,-1023.099709,-193.735840,-1023.099709,-193.480969,-1023.099709
-193.480969,-1023.099709,-191.187133,-1023.099709,-191.442004,-1023.099709,-193.480969,-1023.099709,-192.461486,-1023.099709,-189.148168,-1023.099709,-191.187133,-1023.099709,-189.657909,-1023.099709
-191.442004,-1023.099709,-187.618944,-1023.099709,-188.893298,-1023.099709,-190.932263,-1023.099709,-190.422521,-1023.099709,-187.873815,-1023.099709,-187.873815,-1023.099709,-186.854333,-1023.099709
-187.364074,-1023.099709,-185.579979,-1023.099709,-186.089721,-1023.099709,-188.383556,-1023.099709,-187.109203,-1023.099709,-184.305626,-1023.099709,-185.579979,-1023.099709,-184.305626,-1023.099709
-185.834850,-1023.099709,-181.756920,-1023.099709,-183.795885,-1023.099709,-185.070238,-1023.099709,-185.325109,-1023.099709,-182.266661,-1023.099709,-183.031273,-1023.099709,-181.247179,-1023.099709
-183.286144,-1023.099709,-180.227696,-1023.099709,-180.737437,-1023.099709,-182.521532,-1023.099709,-180.992308,-1023.099709,-178.953343,-1023.099709,-179.463084,-1023.099709,-178.698472,-1023.099709
-179.972826,-1023.099709,-176.659507,-1023.099709,-178.188731,-1023.099709,-180.227696,-1023.099709,-178.953343,-1023.099709,-176.404637,-1023.099709,-177.424119,-1023.099709,-175.640025,-1023.099709
-177.169249,-1023.099709,-174.365672,-1023.099709,-175.894895,-1023.099709,-177.169249,-1023.099709,-176.914378,-1023.099709,-173.601060,-1023.099709,-174.365672,-1023.099709,-174.110801,-1023.099709
-174.620542,-1023.099709,-171.816965,-1023.099709,-172.071836,-1023.099709,-174.620542,-1023.099709,-173.601060,-1023.099709,-170.287742,-1023.099709,-172.071836,-1023.099709,-170.032871,-1023.099709
-171.816965,-1023.099709,-169.013388,-1023.099709,-170.287742,-1023.099709,-172.071836,-1023.099709,-171.052353,-1023.099709,-168.248777,-1023.099709,-168.503647,-1023.099709,-167.993906,-1023.099709
-169.268259,-1023.099709,-166.464682,-1023.099709,-167.484165,-1023.099709,-168.503647,-1023.099709,-168.503647,-1023.099709,-165.190329,-1023.099709,-167.229294,-1023.099709,-165.954941,-1023.099709
-166.719553,-1023.099709,-163.406235,-1023.099709,-164.935458,-1023.099709,-166.464682,-1023.099709,-164.935458,-1023.099709,-162.896493,-1023.099709,-163.661105,-1023.099709,-162.641623,-1023.099709
-162.896493,-1023.099709,-162.386752,-1023.099709,-161.367270,-1023.099709,-163.406235,-1023.099709,-162.896493,-1023.099709,-159.838046,-1023.099709,-160.857528,-1023.099709,-159.838046,-1023.099709
-161.112399,-1023.099709,-157.799081,-1023.099709,-159.838046,-1023.099709,-161.622140,-1023.099709,-160.602658,-1023.099709,-157.289339,-1023.099709,-158.563693,-1023.099709,-157.289339,-1023.099709
-158.308822,-1023.099709,-156.524728,-1023.099709,-156.524728,-1023.099709,-157.544210,-1023.099709,-157.034469,-1023.099709,-154.230892,-1023.099709,-156.269857,-1023.099709,-154.230892,-1023.099709
-155.505245,-1023.099709,-152.446798,-1023.099709,-153.211409,-1023.099709,-156.779598,-1023.099709,-155.250374,-1023.099709,-152.701668,-1023.099709,-152.701668,-1023.099709,-150.917574,-1023.099709
-152.701668,-1023.099709,-150.662703,-1023.099709,-151.427315,-1023.099709,-152.446798,-1023.099709,-152.191927,-1023.099709,-148.623738,-1023.099709,-149.643221,-1023.099709,-149.643221,-1023.099709
-150.407832,-1023.099709,-148.113997,-1023.099709,-148.368867,-1023.099709,-149.898091,-1023.099709,-149.643221,-1023.099709,-147.349385,-1023.099709,-147.859126,-1023.099709,-145.820161,-1023.099709
-147.349385,-1023.099709,-144.800679,-1023.099709,-145.820161,-1023.099709,-147.604256,-1023.099709,-146.329902,-1023.099709,-144.545808,-1023.099709,-144.290937,-1023.099709,-144.036067,-1023.099709
-144.800679,-1023.099709,-142.506843,-1023.099709,-142.506843,-1023.099709,-144.800679,-1023.099709,-144.290937,-1023.099709,-140.722749,-1023.099709,-142.761714,-1023.099709,-140.977619,-1023.099709
-142.506843,-1023.099709,-139.703266,-1023.099709,-140.722749,-1023.099709,-142.506843,-1023.099709,-141.232490,-1023.099709,-138.938654,-1023.099709,-139.193525,-1023.099709,-138.428913,-1023.099709
-139.193525,-1023.099709,-136.899689,-1023.099709,-136.644818,-1023.099709,-138.938654,-1023.099709,-138.938654,-1023.099709,-136.389948,-1023.099709,-137.154560,-1023.099709,-135.625336,-1023.099709
-136.644818,-1023.099709,-133.841242,-1023.099709,-135.880207,-1023.099709,-137.919172,-1023.099709,-136.389948,-1023.099709,-133.586371,-1023.099709,-134.096112,-1023.099709,-133.331500,-1023.099709
-133.841242,-1023.099709,-132.057147,-1023.099709,-132.821759,-1023.099709,-133.331500,-1023.099709,-132.821759,-1023.099709,-130.273053,-1023.099709,-132.057147,-1023.099709,-130.782794,-1023.099709
-131.802277,-1023.099709,-128.234088,-1023.099709,-130.018182,-1023.099709,-132.057147,-1023.099709,-131.292535,-1023.099709,-128.743829,-1023.099709,-128.743829,-1023.099709,-127.724346,-1023.099709
-128.234088,-1023.099709,-126.704864,-1023.099709,-126.959735,-1023.099709,-128.234088,-1023.099709,-127.979217,-1023.099709,-124.665899,-1023.099709,-126.195123,-1023.099709,-125.430511,-1023.099709
-127.214605,-1023.099709,-123.391546,-1023.099709,-124.156158,-1023.099709,-126.195123,-1023.099709,-125.940252,-1023.099709,-122.626934,-1023.099709,-123.901287,-1023.099709,-122.117193,-1023.099709
-122.626934,-1023.099709,-121.097710,-1023.099709,-121.352581,-1023.099709,-123.391546,-1023.099709,-122.372063,-1023.099709,-120.078228,-1023.099709,-120.587969,-1023.099709,-120.078228,-1023.099709
-121.352581,-1023.099709,-118.039263,-1023.099709,-118.549004,-1023.099709,-121.097710,-1023.099709,-120.842839,-1023.099709,-117.274651,-1023.099709,-118.803874,-1023.099709,-117.019780,-1023.099709
-118.294133,-1023.099709,-115.745427,-1023.099709,-117.274651,-1023.099709,-118.039263,-1023.099709,-117.019780,-1023.099709,-114.471074,-1023.099709,-115.490556,-1023.099709,-114.725944,-1023.099709
-115.490556,-1023.099709,-112.941850,-1023.099709,-112.941850,-1023.099709,-115.745427,-1023.099709,-114.980815,-1023.099709,-112.432109,-1023.099709,-113.451591,-1023.099709,-111.412626,-1023.099709
-112.432109,-1023.099709,-110.138273,-1023.099709,-111.157756,-1023.099709,-113.196721,-1023.099709,-112.432109,-1023.099709,-109.883402,-1023.099709,-110.138273,-1023.099709,-109.118790,-1023.099709
-110.902885,-1023.099709,-108.099308,-1023.099709,-108.609049,-1023.099709,-109.883402,-1023.099709,-109.883402,-1023.099709,-106.060343,-1023.099709,-108.099308,-1023.099709,-106.824955,-1023.099709
-108.099308,-1023.099709,-105.040860,-1023.099709,-105.805472,-1023.099709,-108.099308,-1023.099709,-107.079825,-1023.099709,-105.295731,-1023.099709,-105.040860,-1023.099709,-104.021378,-1023.099709
-104.276249,-1020.044723,-102.492154,-1023.099709,-103.001895,-1023.099709,-104.785990,-1023.099709,-104.785990,-1023.099709,-101.217801,-1023.099709,-102.237283,-1023.099709,-101.982413,-1023.099709
-103.511637,-991.531527,-98.923965,-1023.099709,-100.453189,-1023.099709,-102.747025,-1023.099709,-102.237283,-1023.099709,-99.433707,-1023.099709,-100.453189,-1023.099709,-98.669095,-1023.099709
-99.433707,-965.818734,-97.904483,-1023.099709,-97.649612,-1023.099709,-99.943448,-1023.099709,-98.923965,-1023.099709,-96.630130,-1023.099709,-97.139871,-1023.099709,-96.120388,-1023.099709
-96.885000,-938.578449,-94.846035,-1023.099709,-95.355776,-1023.099709,-97.649612,-1023.099709,-96.885000,-1023.099709,-93.826553,-1023.099709,-94.591165,-1023.099709,-93.316811,-1023.099709
-94.591165,-913.374820,-91.532717,-1023.099709,-93.061941,-1023.099709,-94.591165,-1023.099709,-93.316811,-1023.099709,-90.768105,-1023.099709,-91.787588,-1023.099709,-91.277846,-1023.099709
-91.787588,-885.625371,-89.748623,-1023.099709,-89.748623,-1023.099709,-91.787588,-1023.099709,-91.277846,-1023.099709,-88.984011,-1023.099709,-89.748623,-1023.099709,-87.964528,-1023.099709
-88.984011,-860.930906,-86.690175,-1023.099709,-87.709658,-1023.099709,-89.748623,-1023.099709,-88.474269,-1023.099709,-86.180434,-1023.099709,-85.925563,-1023.099709,-85.670693,-1023.099709
-86.690175,-833.690621,-83.886598,-1023.099709,-85.160951,-1023.099709,-86.435304,-1023.099709,-86.435304,-1023.099709,-82.612245,-1023.099709,-84.141469,-1023.099709,-83.631728,-1023.099709
-83.886598,-807.977828,-81.337892,-1023.099709,-82.612245,-1023.099709,-84.396339,-1023.099709,-83.376857,-1023.099709,-81.083021,-1023.099709,-81.847633,-1023.099709,-80.318409,-1023.099709
-81.337892,-782.774199,-79.044056,-1023.099709,-79.044056,-1023.099709,-81.337892,-1023.099709,-80.063539,-1023.099709,-77.769703,-1023.099709,-78.534315,-1023.099709,-78.279444,-1023.099709
-79.044056,-756.297660,-75.730738,-1023.099709,-77.514832,-1023.099709,-79.553797,-1023.099709,-78.024574,-1023.099709,-75.730738,-1023.099709,-76.750221,-1023.099709,-74.966126,-1023.099709
-75.985609,-731.094032,-74.456385,-988.731124,-73.691773,-1023.099709,-75.475867,-1023.099709,-74.966126,-1023.099709,-72.927161,-1023.099709,-73.436902,-1023.099709,-72.927161,-1023.099709
-73.691773,-703.853746,-70.633325,-954.107958,-71.907679,-1023.099709,-74.966126,-1023.099709,-73.691773,-1023.099709,-70.378455,-1023.099709,-71.397937,-1023.099709,-69.358972,-1023.099709
-70.378455,-678.904700,-68.339490,-918.975627,-69.358972,-988.985706,-71.397937,-1023.099709,-70.123584,-1023.099709,-67.574878,-1023.099709,-68.339490,-1023.099709,-68.084619,-1023.099709
-68.594360,-651.918996,-66.555395,-885.116206,-66.300525,-952.325883,-68.339490,-1023.099709,-68.084619,-1023.099709,-65.535913,-1023.099709,-66.555395,-1023.099709,-64.516430,-1023.099709
-65.535913,-627.224532,-63.242077,-850.238458,-64.006689,-915.411477,-65.790783,-1023.099709,-65.026172,-1023.099709,-62.477465,-1023.099709,-63.242077,-1023.099709,-62.222595,-1023.099709
-62.987207,-600.493411,-60.693371,-815.360709,-60.948241,-878.751654,-63.242077,-998.405244,-62.732336,-1023.099709,-59.164147,-1023.099709,-60.438500,-1023.099709,-59.673888,-1023.099709
-61.203112,-576.308110,-57.634923,-781.501289,-58.909276,-840.818920,-60.438500,-957.417525,-59.928759,-1023.099709,-57.889794,-1022.081380,-58.144665,-1023.099709,-57.125182,-1023.099709
-57.889794,-549.831571,-55.850829,-746.114376,-55.850829,-804.922843,-57.634923,-917.448134,-57.125182,-981.602825,-54.831346,-977.529511,-55.341088,-1023.099709,-54.831346,-1023.099709
-55.850829,-524.882525,-52.282640,-712.764120,-54.321605,-767.753855,-55.850829,-875.442086,-55.086217,-937.050956,-52.537511,-930.177239,-52.792381,-998.659826,-51.263158,-1023.099709
-52.537511,-501.460971,-50.753416,-676.358879,-51.008287,-730.075703,-52.027769,-835.727278,-51.518028,-893.008252,-49.479063,-884.861624,-50.498546,-948.252569,-49.479063,-1006.551872
-50.498546,-473.966103,-47.185227,-642.244876,-48.204710,-694.943372,-51.008287,-793.975812,-49.733934,-849.474711,-47.694969,-838.018517,-47.949839,-901.154879,-46.165745,-954.107958
-47.185227,-450.035385,-45.146262,-607.112545,-46.165745,-656.756056,-47.694969,-753.242675,-47.185227,-804.922843,-44.126780,-792.957484,-44.636521,-852.784279,-44.636521,-901.409461
-45.656004,-422.795100,-42.597556,-572.998543,-43.107297,-620.605397,-44.891392,-712.000374,-44.891392,-760.370974,-41.323203,-746.368958,-43.107297,-802.377022,-41.578074,-849.474711
-42.087815,-399.628128,-40.303720,-537.102466,-40.303720,-583.181827,-42.597556,-672.794729,-41.323203,-715.055359,-39.539109,-701.053343,-40.303720,-755.279332,-38.774497,-795.503305
-39.539109,-372.897007,-36.735532,-503.243046,-36.990402,-546.522004,-40.303720,-631.043263,-39.539109,-673.303893,-35.970920,-654.464817,-37.245273,-704.362910,-36.990402,-744.332301
-37.500144,-349.220871,-34.696567,-469.638208,-35.970920,-509.098434,-36.990402,-591.583037,-36.990402,-627.733696,-34.186825,-607.876292,-34.951437,-658.792713,-33.167343,-690.870059
-34.441696,-323.508078,-32.147860,-434.251295,-32.147860,-473.202357,-33.931955,-550.595318,-33.931955,-584.200156,-30.873507,-563.324423,-32.147860,-607.876292,-31.383248,-638.680727
-32.402731,-300.341106,-29.344283,-400.646456,-30.873507,-435.778787,-33.167343,-509.862180,-31.638119,-540.157451,-28.834542,-515.208405,-29.599154,-561.796930,-28.324801,-585.727648
-29.599154,-275.646642,-27.050448,-365.514126,-28.069930,-399.373546,-29.089413,-470.147372,-28.324801,-496.623911,-25.776095,-471.165700,-26.540706,-511.898837,-26.285836,-533.792899
-27.305318,-250.443013,-24.246871,-330.890959,-24.756612,-362.204558,-27.560189,-428.905070,-26.285836,-452.072042,-23.992000,-424.322592,-24.246871,-465.310312,-23.227388,-481.094402
-23.482259,-226.766877,-21.953035,-296.013210,-22.207906,-326.308481,-24.501741,-388.171933,-23.227388,-409.047666,-20.933553,-379.516142,-21.953035,-415.666801,-20.933553,-427.377578
-22.207906,-201.563249,-18.129976,-262.153790,-19.659199,-289.903240,-22.207906,-347.184214,-21.698165,-364.750379,-18.384846,-332.673034,-20.168941,-368.314529,-18.129976,-376.206574
-18.384846,-177.887113,-17.365364,-226.257713,-18.129976,-251.970506,-19.149458,-307.469405,-18.129976,-319.689346,-15.581269,-288.121165,-16.091011,-319.689346,-15.071528,-322.998914
-16.855623,-152.428902,-13.287434,-192.398293,-14.052046,-216.838175,-16.855623,-265.972522,-16.345881,-276.410388,-12.777692,-241.278057,-14.306916,-269.282089,-13.542304,-271.318746
-13.542304,-130.280259,-12.013081,-157.775126,-13.032563,-178.650859,-14.052046,-226.512295,-13.542304,-232.113102,-11.248469,-196.471607,-11.248469,-222.438981,-10.228986,-218.111086
-11.758210,-105.331212,-8.954633,-123.151960,-9.209504,-143.009364,-11.248469,-185.269994,-10.483857,-188.579561,-8.444892,-149.628499,-9.209504,-172.286306,-8.444892,-166.430918
-8.444892,-83.182569,-5.641315,-90.310868,-7.170539,-104.567466,-9.209504,-145.300603,-8.190021,-143.773110,-5.641315,-102.785391,-6.151056,-126.970691,-4.876703,-113.223257
-6.405927,-58.488104,-3.857220,-54.923955,-4.366962,-68.416807,-6.151056,-104.567466,-5.641315,-100.494152,-2.582867,-58.488104,-3.857220,-75.799688,-3.602350,-60.270179
-3.602350,-36.594043,-0.798773,-22.082863,-2.073126,-30.738655,-4.112091,-64.088911,-3.092609,-57.469776,-0.543902,-10.117504,-1.053643,-29.465744,0.475580,-8.080847
-0.289032,-14.445400,0.730451,15.086125,0.985322,4.902840,-1.053643,-24.883266,0.220710,-13.172489,2.259675,33.161454,1.749933,19.923185,2.259675,44.872231
1.495063,8.976154,4.808381,47.927216,3.024287,41.053499,0.730451,17.377364,1.495063,31.124797,4.808381,80.004562,3.534028,66.766292,4.808381,96.552399
4.808381,30.615633,6.082734,83.568711,6.337605,78.222487,4.553510,56.583008,5.572993,74.658338,6.847346,124.811013,6.847346,116.155221,7.866829,150.014641
6.592475,55.310097,9.650923,117.173550,8.376570,113.609400,5.063252,97.825309,6.592475,118.191878,10.160664,171.399538,8.886311,164.525821,10.670405,201.440227
9.905794,77.204159,11.435017,152.815045,10.415535,151.796716,8.631440,138.303864,9.141182,163.762075,12.964241,215.442243,11.944759,212.641840,12.454500,255.411634
11.689888,101.389459,14.238594,186.929047,13.983724,188.456540,11.435017,179.546166,12.454500,206.786451,15.512947,263.558261,13.219112,262.794515,15.512947,306.582637
15.003206,125.065595,16.787301,220.533885,16.022689,225.116363,13.983724,218.751810,15.003206,251.083738,17.551912,308.873876,16.787301,309.128458,18.571395,360.299462
17.551912,149.505477,19.590878,255.920798,18.826266,261.776186,16.787301,259.484947,17.297042,295.381025,20.610360,354.189491,19.590878,359.535716,19.845748,411.470465
19.845748,173.436195,21.884713,289.271054,20.865231,299.454338,19.336007,300.218085,20.355489,338.914565,22.649325,402.050927,21.884713,405.360495,23.668808,464.932708
22.649325,196.857749,24.688290,325.421713,24.688290,335.350415,21.629843,340.442058,22.904196,382.193523,25.198031,445.839050,24.688290,456.022334,25.452902,516.867458
24.688290,221.043049,27.491867,358.262805,26.217514,372.010239,24.688290,381.429777,24.688290,426.236228,28.256479,493.955068,27.491867,501.592531,28.256479,569.311372
27.491867,245.228349,29.785703,393.904300,28.511350,409.433809,27.236996,421.399168,28.766220,470.278932,30.295444,537.234026,29.021091,551.490624,30.295444,622.773614
30.295444,269.922814,32.589280,428.018302,31.824668,445.075304,29.530832,461.877723,29.785703,513.812473,32.844150,585.095463,32.334409,598.842896,33.863633,674.453782
32.334409,294.108114,34.883115,462.896051,34.118503,481.989709,32.334409,503.120024,33.099021,557.600595,35.902598,629.138167,35.647727,648.740989,35.902598,727.661443
34.883115,320.330071,36.922080,497.264636,36.922080,518.649533,34.628245,542.834833,35.137986,602.152464,37.941563,675.981275,36.412339,696.602425,38.451304,778.577864
38.451304,344.515371,39.980528,531.887802,39.725657,555.563938,37.941563,583.822552,37.941563,646.958915,40.745140,720.533144,40.490269,743.954697,41.000010,832.294689
39.725657,369.464418,43.548717,565.747222,42.274364,591.460015,39.470787,624.555689,40.490269,689.728709,43.548717,767.630833,42.019493,794.361955,43.038975,883.211110
43.548717,394.922628,44.568199,599.606643,44.313329,629.138167,43.038975,664.779662,44.058458,734.535159,45.842552,812.691866,45.587682,840.950480,46.352294,936.673353
45.077940,419.362511,47.881517,635.502720,47.626647,665.797991,44.568199,703.985307,46.097423,777.814118,48.391259,858.516646,47.371776,889.830245,48.391259,988.608102
49.155871,444.311557,50.175353,667.325483,49.920482,701.694068,48.136388,745.991354,48.646129,821.856822,50.685094,905.105171,50.175353,936.927935,51.959447,1040.542852
50.430224,469.006022,53.233801,703.476142,52.724059,738.099309,50.175353,785.196999,50.939965,865.390363,54.253283,949.657040,52.978930,986.571446,53.233801,1062.182331
53.488671,494.464232,55.017895,736.571816,54.508154,775.522879,53.743542,826.184718,53.998413,908.414739,55.782507,996.754730,55.017895,1032.905389,56.801989,1062.182331
55.782507,517.885786,59.095825,772.977058,58.076343,811.673538,55.017895,866.154109,56.037378,952.457443,59.605566,1040.797434,57.821472,1062.182331,58.586084,1062.182331
58.076343,544.871490,60.370178,805.818149,59.095825,846.805869,58.840954,907.141828,58.586084,995.481819,60.879920,1062.182331,60.370178,1062.182331,61.644531,1062.182331
61.134790,569.565954,63.428626,841.459644,63.428626,884.993185,60.115308,947.111219,61.389661,1040.797434,64.448108,1062.182331,62.918885,1062.182331,63.938367,1062.182331
63.683496,595.024165,65.467591,875.319065,64.957850,920.380098,62.918885,987.335192,63.428626,1062.182331,66.232203,1062.182331,65.467591,1062.182331,66.741944,1062.182331
65.722461,620.482375,69.035780,909.687649,68.271168,958.058250,65.977332,1027.304583,66.741944,1062.182331,69.290650,1062.182331,68.016297,1062.182331,68.526038,1062.182331
69.035780,646.195168,70.565003,943.801652,69.800392,993.445162,68.526038,1062.182331,68.526038,1062.182331,71.329615,1062.182331,70.565003,1062.182331,72.349098,1062.182331
71.584486,671.907961,74.133192,975.878997,73.113710,1031.123314,70.565003,1062.182331,72.094227,1062.182331,74.897804,1062.182331,73.368580,1062.182331,73.623451,1062.182331
73.623451,696.857008,75.662416,1012.284238,74.133192,1062.182331,73.623451,1062.182331,73.368580,1062.182331,76.172157,1062.182331,75.662416,1062.182331,77.446510,1062.182331
76.681899,722.315218,78.975734,1044.870748,78.465993,1062.182331,76.172157,1062.182331,77.191640,1062.182331,79.230605,1062.182331,78.211122,1062.182331,78.975734,1062.182331
78.720864,746.245936,81.014699,1062.182331,80.250087,1062.182331,78.465993,1062.182331,78.720864,1062.182331,81.779311,1062.182331,81.269570,1062.182331,82.289052,1062.182331
80.504958,774.249968,84.073147,1062.182331,83.308535,1062.182331,81.014699,1062.182331,81.779311,1062.182331,84.328017,1062.182331,83.563406,1062.182331,84.328017,1062.182331
84.328017,796.907776,85.857241,1062.182331,85.347500,1062.182331,83.818276,1062.182331,84.328017,1062.182331,86.876724,1062.182331,86.112112,1062.182331,86.876724,1062.182331
86.876724,824.911808,88.915689,1062.182331,88.915689,1062.182331,85.347500,1062.182331,87.131594,1062.182331,89.935171,1062.182331,88.915689,1062.182331,89.425430,1062.182331
89.170559,848.587943,91.464395,1062.182331,90.190042,1062.182331,88.915689,1062.182331,88.660818,1062.182331,92.229007,1062.182331,90.444913,1062.182331,92.229007,1062.182331
92.229007,876.082811,94.267972,1062.182331,93.248489,1062.182331,91.209524,1062.182331,91.974136,1062.182331,94.522843,1062.182331,93.503360,1062.182331,94.777713,1062.182331
94.522843,899.758947,95.797196,1062.182331,96.052066,1062.182331,93.503360,1062.182331,94.267972,1062.182331,97.071549,1062.182331,96.561808,1062.182331,97.836161,1062.182331
96.816678,927.253815,99.365385,1062.182331,98.345902,1062.182331,96.306937,1062.182331,97.581290,1062.182331,99.620255,1062.182331,99.110514,1062.182331,99.110514,1062.182331
99.620255,951.693697,100.894608,1062.182331,100.384867,1062.182331,99.110514,1062.182331,99.110514,1062.182331,102.168962,1062.182331,101.149479,1062.182331,102.678703,1062.182331
102.168962,977.406490,104.972538,1062.182331,103.443315,1062.182331,101.404350,1062.182331,102.423832,1062.182331,104.462797,1062.182331,104.207927,1062.182331,104.462797,1062.182331
103.953056,1003.119283,106.246892,1062.182331,105.992021,1062.182331,103.953056,1062.182331,104.462797,1062.182331,107.266374,1062.182331,106.756633,1062.182331,107.266374,1062.182331
107.011503,1028.322911,109.050469,1062.182331,107.776115,1062.182331,106.501762,1062.182331,107.266374,1062.182331,109.560210,1062.182331,108.285857,1062.182331,109.815080,1062.182331
109.815080,1053.781122,111.344304,1062.182331,110.834563,1062.182331,108.795598,1062.182331,109.560210,1062.182331,112.363787,1062.182331,111.344304,1062.182331,112.618657,1062.182331
111.854045,1062.182331,114.657622,1062.182331,113.638140,1062.182331,111.344304,1062.182331,112.108916,1062.182331,115.422234,1062.182331,113.893010,1062.182331,114.912493,1062.182331
114.657622,1062.182331,116.186846,1062.182331,115.931976,1062.182331,114.402752,1062.182331,114.402752,1062.182331,117.716070,1062.182331,116.441717,1062.182331,118.225811,1062.182331
117.206329,1062.182331,119.755035,1062.182331,118.480682,1062.182331,116.696587,1062.182331,117.206329,1062.182331,120.009906,1062.182331,119.245294,1062.182331,120.519647,1062.182331
119.755035,1062.182331,121.539129,1062.182331,121.029388,1062.182331,118.990423,1062.182331,119.755035,1062.182331,122.558612,1062.182331,121.539129,1062.182331,123.068353,1062.182331
121.794000,1062.182331,124.852448,1062.182331,124.087836,1062.182331,122.048871,1062.182331,122.813483,1062.182331,125.362189,1062.182331,123.578094,1062.182331,124.852448,1062.182331
125.107318,1062.182331,125.871930,1062.182331,126.126801,1062.182331,124.342706,1062.182331,124.597577,1062.182331,126.891413,1062.182331,126.636542,1062.182331,128.420636,1062.182331
127.146283,1062.182331,129.949860,1062.182331,129.949860,1062.182331,126.636542,1062.182331,127.910895,1062.182331,130.714472,1062.182331,128.675507,1062.182331,129.949860,1062.182331
129.694990,1062.182331,131.224213,1062.182331,130.714472,1062.182331,129.694990,1062.182331,129.949860,1062.182331,132.243696,1062.182331,131.224213,1062.182331,133.008308,1062.182331
133.008308,1062.182331,135.302143,1062.182331,134.282661,1062.182331,131.988825,1062.182331,132.753437,1062.182331,135.557014,1062.182331,133.772920,1062.182331,135.047273,1062.182331
135.047273,1062.182331,137.086238,1062.182331,136.576497,1062.182331,134.282661,1062.182331,134.537531,1062.182331,137.850850,1062.182331,137.341108,1062.182331,138.105720,1062.182331
137.341108,1062.182331,138.870332,1062.182331,139.125203,1062.182331,137.341108,1062.182331,137.850850,1062.182331,140.909297,1062.182331,138.615462,1062.182331,139.634944,1062.182331
140.399556,1062.182331,142.183650,1062.182331,140.654427,1062.182331,139.889815,1062.182331,140.144685,1062.182331,141.928780,1062.182331,142.183650,1062.182331,143.203133,1062.182331
142.948262,1062.182331,144.987227,1062.182331,144.477486,1062.182331,141.419038,1062.182331,142.438521,1062.182331,145.496969,1062.182331,143.967745,1062.182331,144.987227,1062.182331
144.987227,1062.182331,147.026192,1062.182331,145.751839,1062.182331,145.242098,1062.182331,145.496969,1062.182331,147.535934,1062.182331,147.026192,1062.182331,147.790804,1062.182331
148.045675,1062.182331,149.574899,1062.182331,149.320028,1062.182331,147.026192,1062.182331,148.045675,1062.182331,150.084640,1062.182331,149.065157,1062.182331,150.339511,1062.182331
150.339511,1062.182331,152.123605,1062.182331,151.104122,1062.182331,149.829769,1062.182331,150.084640,1062.182331,153.143087,1062.182331,152.378476,1062.182331,152.633346,1062.182331
151.868734,1062.182331,154.672311,1062.182331,153.143087,1062.182331,151.613864,1062.182331,152.633346,1062.182331,155.182052,1062.182331,153.907699,1062.182331,155.182052,1062.182331
155.946664,1062.182331,156.966147,1062.182331,156.456406,1062.182331,155.182052,1062.182331,155.946664,1062.182331,157.730759,1062.182331,156.966147,1062.182331,157.730759,1062.182331
157.221018,1062.182331,160.024594,1062.182331,159.005112,1062.182331,156.201535,1062.182331,157.985629,1062.182331,160.279465,1062.182331,159.769724,1062.182331,160.534336,1062.182331
160.534336,1062.182331,162.573301,1062.182331,161.298948,1062.182331,160.279465,1062.182331,160.789206,1062.182331,162.828171,1062.182331,161.553818,1062.182331,162.573301,1062.182331
162.573301,1062.182331,164.102525,1062.182331,163.847654,1062.182331,162.063559,1062.182331,162.573301,1062.182331,165.376878,1062.182331,164.357395,1062.182331,165.376878,1062.182331
166.141490,1062.182331,167.670713,1062.182331,167.160972,1062.182331,163.847654,1062.182331,165.376878,1062.182331,167.415843,1062.182331,167.160972,1062.182331,167.925584,1062.182331
167.160972,1062.182331,169.454808,1062.182331,169.709678,1062.182331,167.415843,1062.182331,167.160972,1062.182331,170.729161,1062.182331,169.199937,1062.182331,170.219420,1062.182331
170.984032,1062.182331,172.513255,1062.182331,171.748643,1062.182331,169.709678,1062.182331,170.984032,1062.182331,172.513255,1062.182331,171.493773,1062.182331,172.768126,1062.182331
173.277867,1062.182331,174.297350,1062.182331,174.297350,1062.182331,172.003514,1062.182331,172.513255,1062.182331,175.316832,1062.182331,175.316832,1062.182331,176.336315,1062.182331
175.061962,1062.182331,178.120409,1062.182331,177.100927,1062.182331,174.552220,1062.182331,175.316832,1062.182331,178.630150,1062.182331,176.846056,1062.182331,177.355797,1062.182331
177.865539,1062.182331,179.394762,1062.182331,178.630150,1062.182331,177.610668,1062.182331,178.120409,1062.182331,179.904504,1062.182331,179.649633,1062.182331,180.923986,1062.182331
180.669115,1062.182331,182.962951,1062.182331,181.943469,1062.182331,179.139892,1062.182331,180.923986,1062.182331,183.217822,1062.182331,181.688598,1062.182331,182.708080,1062.182331
182.708080,1062.182331,185.256787,1062.182331,183.727563,1062.182331,182.962951,1062.182331,182.708080,1062.182331,185.256787,1062.182331,184.492175,1062.182331,185.256787,1062.182331
185.511657,1062.182331,187.550622,1062.182331,186.786011,1062.182331,184.492175,1062.182331,185.766528,1062.182331,188.315234,1062.182331,186.276269,1062.182331,186.786011,1062.182331
188.060364,1062.182331,189.844458,1062.182331,189.334717,1062.182331,187.550622,1062.182331,188.315234,1062.182331,190.099329,1062.182331,190.099329,1062.182331,191.118811,1062.182331
189.844458,1062.182331,192.902906,1062.182331,191.883423,1062.182331,188.824976,1062.182331,190.354199,1062.182331,193.412647,1062.182331,192.138294,1062.182331,193.157776,1062.182331
193.412647,1062.182331,194.941871,1062.182331,194.177259,1062.182331,192.648035,1062.182331,193.667518,1062.182331,195.961353,1062.182331,194.177259,1062.182331,195.706483,1062.182331
194.941871,1062.182331,196.980836,1062.182331,196.980836,1062.182331,194.941871,1062.182331,194.941871,1062.182331,198.000318,1062.182331,196.980836,1062.182331,198.000318,1062.182331
198.764930,1062.182331,201.058766,1062.182331,199.019801,1062.182331,197.235706,1062.182331,198.255189,1062.182331,201.313636,1062.182331,200.294154,1062.182331,201.058766,1062.182331
200.294154,1062.182331,201.823378,1062.182331,201.058766,1062.182331,200.039283,1062.182331,200.803895,1062.182331,202.333119,1062.182331,202.333119,1062.182331,203.607472,1062.182331
203.862343,1062.182331,205.646437,1062.182331,204.881825,1062.182331,202.333119,1062.182331,203.607472,1062.182331,205.901308,1062.182331,204.117213,1062.182331,205.646437,1062.182331
204.881825,1062.182331,207.430532,1062.182331,206.156178,1062.182331,205.136696,1062.182331,205.391567,1062.182331,207.685402,1062.182331,207.685402,1062.182331,208.959755,1062.182331
208.195143,1062.182331,210.234108,1062.182331,209.469497,1062.182331,207.430532,1062.182331,208.195143,1062.182331,211.508462,1062.182331,209.214626,1062.182331,209.979238,1062.182331
210.488979,1062.182331,212.527944,1062.182331,211.508462,1062.182331,210.743850,1062.182331,210.998720,1062.182331,212.527944,1062.182331,212.018203,1062.182331,213.802297,1062.182331
213.037685,1062.182331,215.586392,1062.182331,215.331521,1062.182331,211.763332,1062.182331,212.273074,1062.182331,216.096133,1062.182331,214.821780,1062.182331,215.331521,1062.182331
